Age,Gender,Education Level,Hours per Day,Sessions per Day,Posts per Month,Scrolling Time (min),Night Usage,Notifications per Day,No. of Social Apps,Preferred App,Likes/Comments per Post,Time to Check After Waking (min),Mood After Use,Anxiety Score,Sleep Disturbance,Productivity Loss (%),Addiction Level
21,Male,College,8.2,19,43,81,TRUE,40,7,LinkedIn,57,19,Irritable,7,TRUE,79,High
25,Male,College,8.8,8,40,161,TRUE,150,6,Instagram,52,2,Irritable,8,FALSE,34,High
20,Female,Postgraduate,1,32,21,170,FALSE,77,6,Twitter,43,25,Anxious,1,TRUE,63,High
24,Female,College,1.4,32,16,24,TRUE,70,4,Instagram,54,3,Relaxed,5,FALSE,55,Medium
21,Male,College,2.5,11,18,141,TRUE,108,4,Reddit,13,9,Relaxed,5,TRUE,6,Medium
34,Male,Postgraduate,3.2,32,7,181,FALSE,27,7,Facebook,34,14,Neutral,1,TRUE,40,Medium
32,Male,School,7,6,6,63,FALSE,125,4,Facebook,53,29,Happy,2,TRUE,48,High
16,Male,Postgraduate,4.6,8,14,104,TRUE,67,7,WhatsApp,7,14,Excited,7,FALSE,66,High
22,Male,Graduate,8.6,17,18,120,TRUE,72,2,Reddit,24,29,Calm,1,FALSE,75,High
23,Female,Postgraduate,8,16,8,72,TRUE,158,3,WhatsApp,16,8,Excited,3,FALSE,39,High
15,Female,Postgraduate,6.5,14,39,50,FALSE,47,7,TikTok,8,8,Excited,2,TRUE,37,High
30,Female,College,4.3,34,24,46,TRUE,118,4,Snapchat,39,22,Happy,3,TRUE,69,High
17,Female,School,2.1,18,3,10,FALSE,24,2,TikTok,54,14,Happy,7,TRUE,31,Medium
23,Male,Graduate,7.4,30,42,133,FALSE,82,7,Twitter,48,32,Relaxed,4,TRUE,27,High
21,Male,Postgraduate,4.7,15,29,45,TRUE,32,7,Instagram,58,22,Anxious,2,TRUE,46,Medium
27,Male,Graduate,3.7,25,6,37,FALSE,47,4,TikTok,43,20,Happy,7,FALSE,66,High
15,Male,Postgraduate,3.4,31,57,125,FALSE,22,7,Reddit,5,8,Calm,9,FALSE,66,High
19,Male,Postgraduate,7.2,14,44,161,FALSE,78,6,Instagram,31,32,Happy,8,FALSE,56,High
31,Male,Graduate,1.6,30,52,21,FALSE,58,2,Reddit,2,37,Irritable,1,FALSE,60,Medium
31,Male,Postgraduate,3.4,6,2,63,TRUE,106,5,Facebook,31,33,Neutral,1,FALSE,23,Medium
44,Female,College,2.3,16,26,169,TRUE,179,7,YouTube,3,11,Calm,8,TRUE,21,High
20,Female,Postgraduate,4.3,24,34,148,FALSE,163,1,TikTok,8,6,Neutral,3,TRUE,24,Medium
42,Female,College,7.1,23,26,156,TRUE,167,7,Instagram,51,33,Happy,8,TRUE,43,High
32,Male,College,8.5,15,28,194,TRUE,170,7,TikTok,29,35,Irritable,7,FALSE,20,High
40,Female,College,9.8,24,49,11,FALSE,148,6,Instagram,11,5,Excited,5,TRUE,36,High
41,Male,Graduate,2.7,13,35,156,TRUE,67,3,YouTube,19,24,Anxious,6,FALSE,37,Medium
38,Male,College,8.7,21,8,173,FALSE,123,4,Snapchat,34,25,Neutral,3,TRUE,29,High
43,Female,School,3.6,18,18,63,TRUE,87,1,Reddit,13,21,Calm,4,TRUE,12,Medium
21,Male,College,7.5,5,48,196,TRUE,134,6,LinkedIn,54,22,Anxious,6,TRUE,55,High
36,Male,School,9.2,31,34,30,TRUE,49,1,Facebook,27,33,Neutral,5,TRUE,65,High
30,Female,School,3.5,7,49,26,TRUE,177,5,LinkedIn,45,6,Relaxed,3,FALSE,41,Medium
38,Female,School,4,18,53,104,FALSE,118,4,Reddit,32,21,Anxious,7,TRUE,37,Medium
17,Female,College,2.5,29,42,63,TRUE,77,3,WhatsApp,39,24,Relaxed,2,TRUE,36,Medium
29,Female,Graduate,9.9,6,27,139,FALSE,36,1,Reddit,8,39,Anxious,7,FALSE,30,High
17,Female,School,3.3,28,13,69,TRUE,154,1,Reddit,35,20,Irritable,1,FALSE,12,Medium
28,Female,College,8.2,16,51,152,TRUE,111,2,TikTok,1,32,Irritable,7,FALSE,67,High
36,Female,School,4,30,22,67,FALSE,77,6,Reddit,48,6,Happy,6,TRUE,64,High
19,Female,Postgraduate,5.7,25,44,117,FALSE,24,7,Instagram,3,6,Relaxed,4,TRUE,51,Medium
17,Male,College,6.7,24,16,22,TRUE,133,4,LinkedIn,41,30,Calm,3,FALSE,21,High
38,Female,College,3.4,32,58,192,TRUE,109,5,Instagram,25,23,Neutral,9,FALSE,16,High
35,Male,School,1.5,30,1,43,FALSE,115,6,Twitter,53,25,Calm,8,TRUE,5,High
30,Female,College,5.7,9,22,102,FALSE,95,2,Reddit,15,37,Neutral,6,TRUE,61,High
43,Female,Postgraduate,2,9,47,103,FALSE,163,2,WhatsApp,25,21,Anxious,7,FALSE,37,Medium
44,Female,Graduate,4.9,27,58,19,TRUE,88,4,YouTube,33,31,Excited,3,FALSE,62,High
15,Male,College,5.9,17,4,25,FALSE,43,7,WhatsApp,1,28,Relaxed,4,FALSE,28,Medium
26,Female,Postgraduate,4.5,32,33,170,TRUE,120,4,Facebook,2,1,Calm,1,TRUE,44,Medium
24,Male,School,2.9,33,13,21,TRUE,114,6,Twitter,1,35,Anxious,7,FALSE,85,High
40,Female,Graduate,3.9,30,10,99,TRUE,134,1,WhatsApp,6,4,Anxious,5,TRUE,79,High
43,Male,Graduate,1.4,29,21,173,TRUE,157,5,WhatsApp,8,24,Relaxed,3,TRUE,53,Medium
17,Female,Graduate,4.7,22,49,105,FALSE,171,7,Instagram,31,37,Neutral,1,FALSE,59,Medium
27,Male,School,7.7,7,41,39,FALSE,36,1,Reddit,19,25,Irritable,6,TRUE,17,High
41,Male,Graduate,1.9,8,12,198,TRUE,166,4,YouTube,8,7,Calm,4,TRUE,87,High
40,Female,Postgraduate,6.7,25,5,108,FALSE,159,1,TikTok,51,21,Excited,4,FALSE,57,High
37,Female,School,8,11,45,190,TRUE,61,2,WhatsApp,38,14,Relaxed,5,TRUE,39,High
37,Female,Graduate,5.9,15,18,85,TRUE,28,2,Instagram,57,17,Anxious,6,TRUE,11,Medium
28,Female,Postgraduate,7.3,14,9,187,FALSE,46,2,TikTok,1,5,Calm,5,FALSE,42,High
33,Female,Graduate,6.2,17,1,95,TRUE,164,7,Twitter,6,25,Neutral,4,TRUE,40,High
20,Female,College,7.4,23,44,191,FALSE,110,2,YouTube,25,19,Calm,7,TRUE,71,High
27,Female,Postgraduate,1.1,32,58,157,FALSE,80,7,YouTube,40,39,Relaxed,1,TRUE,7,Low
27,Male,Postgraduate,3.1,29,49,162,TRUE,75,1,TikTok,37,6,Neutral,5,TRUE,84,High
36,Male,Graduate,9.3,32,37,173,FALSE,166,4,TikTok,56,18,Excited,9,FALSE,53,High
28,Female,College,3.7,5,53,63,TRUE,137,3,YouTube,15,23,Happy,9,TRUE,79,High
26,Male,Postgraduate,9.6,20,8,111,FALSE,171,4,Twitter,52,8,Relaxed,4,FALSE,12,High
40,Male,College,3.1,32,28,110,FALSE,60,4,Twitter,26,17,Happy,9,TRUE,37,High
35,Male,Postgraduate,8.3,32,48,166,FALSE,160,6,YouTube,34,6,Excited,2,TRUE,73,High
29,Male,School,9.3,14,56,39,FALSE,128,5,Twitter,54,33,Relaxed,6,FALSE,69,High
32,Female,College,9.9,21,11,94,TRUE,45,7,Twitter,24,22,Irritable,1,TRUE,81,High
15,Male,Graduate,5.2,7,1,158,FALSE,74,6,Reddit,27,17,Excited,5,TRUE,9,Medium
20,Female,Graduate,9.2,27,37,62,TRUE,102,1,Facebook,20,14,Relaxed,9,TRUE,5,High
33,Male,School,3.5,8,1,122,FALSE,51,2,YouTube,27,31,Happy,8,FALSE,43,High
40,Male,Graduate,5.5,26,54,12,TRUE,142,2,YouTube,11,1,Happy,6,TRUE,9,Medium
44,Male,College,8.9,29,17,121,TRUE,66,7,Reddit,14,37,Irritable,5,FALSE,18,High
16,Male,Postgraduate,8.2,11,38,47,FALSE,69,2,Instagram,17,30,Neutral,3,TRUE,67,High
16,Female,Graduate,4.1,10,33,88,TRUE,49,7,WhatsApp,41,17,Relaxed,5,FALSE,33,Medium
18,Male,School,5.1,21,10,26,FALSE,103,5,TikTok,33,6,Neutral,5,FALSE,70,High
27,Female,School,2.9,15,48,124,FALSE,130,1,TikTok,22,16,Irritable,6,FALSE,20,Medium
22,Female,Graduate,2.6,8,56,34,TRUE,115,3,YouTube,26,29,Anxious,2,FALSE,65,High
40,Male,Postgraduate,3,25,5,101,TRUE,80,6,Snapchat,20,6,Irritable,1,TRUE,9,Low
23,Male,Postgraduate,4.2,18,34,186,TRUE,97,2,TikTok,44,27,Neutral,9,FALSE,30,High
39,Female,College,5.3,26,47,65,FALSE,113,3,Facebook,47,17,Neutral,4,TRUE,5,Medium
22,Female,Postgraduate,7.7,33,52,56,TRUE,146,6,Facebook,13,26,Neutral,7,TRUE,82,High
38,Male,School,7.5,30,14,196,TRUE,75,3,Instagram,6,3,Irritable,7,TRUE,22,High
40,Female,School,4.2,23,15,128,FALSE,47,2,Instagram,38,17,Happy,7,TRUE,48,Medium
39,Male,College,9,24,25,77,FALSE,157,3,Reddit,40,18,Excited,4,FALSE,38,High
29,Male,College,7.7,21,44,92,FALSE,61,1,YouTube,36,6,Anxious,4,TRUE,30,High
16,Male,Postgraduate,3.2,31,45,130,FALSE,52,5,Snapchat,21,21,Excited,6,TRUE,74,High
37,Male,College,5.4,34,11,199,TRUE,81,6,Reddit,30,24,Happy,7,TRUE,13,Medium
37,Male,School,1.5,12,37,45,TRUE,171,7,LinkedIn,5,2,Relaxed,4,TRUE,79,High
18,Female,Postgraduate,1,26,49,103,FALSE,81,1,YouTube,1,15,Irritable,8,FALSE,30,High
33,Male,School,8.5,9,6,163,TRUE,137,4,LinkedIn,18,20,Excited,1,TRUE,24,High
31,Male,Postgraduate,5.8,5,26,151,FALSE,83,6,YouTube,36,11,Irritable,4,FALSE,81,High
25,Female,College,6.3,10,50,19,TRUE,24,7,Facebook,9,2,Excited,8,FALSE,6,High
34,Male,Graduate,3.3,9,9,26,TRUE,28,3,LinkedIn,14,24,Excited,6,FALSE,39,Medium
44,Female,Graduate,2,9,44,187,TRUE,97,5,Reddit,55,11,Irritable,9,FALSE,38,High
26,Male,School,4.4,5,40,73,TRUE,169,4,Facebook,28,8,Anxious,9,TRUE,18,High
42,Female,Graduate,2.5,25,37,14,TRUE,102,3,Instagram,13,26,Excited,4,FALSE,46,Medium
39,Male,Graduate,7.1,12,39,113,FALSE,33,3,LinkedIn,37,33,Excited,7,FALSE,67,High
29,Female,College,6.2,21,33,62,TRUE,123,3,Twitter,38,6,Neutral,6,TRUE,71,High
21,Female,Postgraduate,7.6,14,52,24,FALSE,130,5,LinkedIn,32,30,Calm,7,FALSE,31,High
18,Male,Postgraduate,10,29,33,164,TRUE,52,6,Twitter,3,22,Neutral,2,FALSE,14,High
19,Male,School,8.9,5,54,47,TRUE,160,7,LinkedIn,46,36,Relaxed,8,FALSE,56,High
38,Female,Graduate,5.5,12,5,166,FALSE,66,4,LinkedIn,11,2,Irritable,3,TRUE,40,Medium
18,Female,College,7.4,31,5,157,FALSE,30,6,TikTok,9,38,Calm,6,FALSE,76,High
37,Female,College,5.2,18,43,149,FALSE,160,6,LinkedIn,17,25,Excited,1,TRUE,64,High
25,Female,Postgraduate,9.4,8,48,77,TRUE,152,5,Reddit,7,28,Excited,9,FALSE,55,High
43,Female,College,1.9,13,22,20,TRUE,170,1,TikTok,45,37,Irritable,5,TRUE,40,Medium
36,Female,College,8.5,5,54,64,FALSE,134,7,Facebook,20,9,Irritable,5,TRUE,13,High
24,Male,School,8.2,25,26,178,TRUE,54,7,LinkedIn,51,25,Excited,6,TRUE,6,High
21,Male,Graduate,4.1,6,27,26,TRUE,147,3,Snapchat,58,24,Happy,9,FALSE,75,High
34,Female,School,4.8,28,33,186,FALSE,48,7,WhatsApp,42,22,Anxious,2,TRUE,89,High
31,Male,College,2.6,24,41,186,TRUE,167,6,Facebook,21,28,Anxious,8,TRUE,53,High
21,Male,Postgraduate,6.4,17,30,188,FALSE,142,3,TikTok,31,30,Anxious,1,TRUE,49,High
43,Male,School,5.2,12,19,27,FALSE,20,6,LinkedIn,50,2,Calm,6,FALSE,42,Medium
33,Female,College,2.4,5,8,166,TRUE,74,7,TikTok,2,32,Irritable,3,TRUE,38,Medium
42,Male,School,8.2,27,28,41,FALSE,154,5,Twitter,7,1,Calm,9,TRUE,71,High
38,Male,Postgraduate,2.8,33,8,63,FALSE,86,3,Instagram,32,28,Calm,8,TRUE,38,High
17,Male,School,3.2,18,32,129,FALSE,65,3,Reddit,15,4,Neutral,4,FALSE,41,Medium
36,Male,College,2.8,27,48,16,FALSE,93,7,WhatsApp,32,23,Relaxed,5,FALSE,23,Medium
30,Male,Postgraduate,2.6,8,29,197,TRUE,101,2,YouTube,0,5,Happy,4,FALSE,15,Low
24,Male,School,8.4,7,23,128,TRUE,159,4,Snapchat,4,37,Neutral,6,FALSE,13,High
16,Male,School,8.7,7,52,95,FALSE,127,1,WhatsApp,9,30,Happy,8,TRUE,63,High
28,Female,College,5.2,21,50,124,TRUE,33,1,Reddit,39,2,Neutral,9,TRUE,77,High
36,Female,Postgraduate,6.8,18,4,163,FALSE,48,5,Snapchat,33,23,Relaxed,5,TRUE,79,High
20,Female,College,9.2,25,42,109,TRUE,60,6,Twitter,33,17,Irritable,5,FALSE,29,High
20,Male,School,8.5,27,53,115,TRUE,105,5,Snapchat,26,31,Neutral,6,FALSE,44,High
16,Female,College,6.4,29,53,147,FALSE,164,2,Reddit,20,28,Calm,2,FALSE,58,High
25,Female,College,2.7,25,36,124,TRUE,45,5,WhatsApp,20,11,Excited,8,TRUE,15,High
18,Female,Postgraduate,7.5,11,40,63,FALSE,117,7,Instagram,46,24,Calm,6,FALSE,26,High
19,Male,School,5.4,30,36,157,TRUE,100,6,TikTok,58,34,Excited,9,FALSE,30,High
16,Male,College,2,13,40,26,TRUE,148,1,WhatsApp,42,25,Excited,7,TRUE,39,Medium
17,Male,Postgraduate,1.7,16,44,188,TRUE,121,2,Twitter,11,19,Calm,5,FALSE,48,Medium
41,Male,College,9.3,33,17,83,FALSE,76,7,WhatsApp,48,12,Anxious,8,TRUE,87,High
22,Female,College,6.8,21,23,127,TRUE,44,2,Snapchat,24,12,Calm,9,TRUE,30,High
29,Male,Graduate,1.4,20,7,154,TRUE,170,2,TikTok,20,22,Calm,7,TRUE,18,Medium
29,Male,Graduate,7.3,13,51,185,FALSE,91,2,YouTube,58,23,Relaxed,2,TRUE,43,High
17,Male,School,3.9,14,39,26,TRUE,33,7,YouTube,23,35,Anxious,2,TRUE,7,Medium
19,Female,School,5.8,30,55,117,FALSE,58,7,Snapchat,55,4,Anxious,6,TRUE,29,Medium
27,Female,College,6.6,20,45,179,FALSE,127,6,Snapchat,1,35,Happy,2,FALSE,34,High
41,Female,College,8.9,17,18,169,FALSE,115,3,Instagram,58,39,Anxious,4,FALSE,33,High
44,Male,Graduate,1.8,34,53,194,TRUE,35,4,Reddit,46,10,Happy,9,FALSE,88,High
19,Male,Postgraduate,7.6,21,3,182,FALSE,161,6,WhatsApp,49,4,Anxious,2,FALSE,66,High
19,Male,Postgraduate,1.4,5,53,82,FALSE,162,1,WhatsApp,56,24,Excited,4,TRUE,16,Low
41,Male,Postgraduate,9.5,33,37,180,TRUE,143,6,LinkedIn,38,24,Neutral,2,TRUE,29,High
21,Female,College,9.9,31,8,157,FALSE,112,7,Twitter,53,10,Excited,2,FALSE,61,High
40,Male,Graduate,1.3,30,3,129,TRUE,25,5,Reddit,4,23,Anxious,1,FALSE,13,Low
17,Female,School,6.4,21,59,172,FALSE,101,6,WhatsApp,16,24,Anxious,3,FALSE,36,High
17,Female,Postgraduate,3,28,47,98,FALSE,92,4,WhatsApp,13,37,Anxious,2,TRUE,15,Low
23,Female,Postgraduate,4.5,31,28,38,FALSE,156,3,Facebook,24,34,Irritable,9,FALSE,83,High
22,Male,School,9.4,15,59,133,TRUE,57,3,YouTube,4,26,Irritable,2,TRUE,74,High
19,Male,Graduate,3,17,28,90,TRUE,133,5,TikTok,31,29,Excited,3,FALSE,62,High
17,Male,School,4.1,6,40,100,FALSE,52,6,LinkedIn,23,19,Happy,8,FALSE,63,High
41,Male,School,2.4,17,43,54,TRUE,108,5,TikTok,41,36,Excited,6,TRUE,64,High
21,Male,Graduate,8.9,17,58,40,TRUE,42,2,Twitter,9,32,Relaxed,5,TRUE,34,High
21,Female,School,2.4,8,2,86,FALSE,31,7,TikTok,1,32,Irritable,1,TRUE,21,Low
22,Male,School,3.3,32,24,118,FALSE,89,3,Instagram,29,7,Relaxed,9,FALSE,67,High
42,Male,Graduate,6.7,34,37,31,FALSE,167,4,Twitter,49,4,Happy,1,TRUE,16,High
36,Female,Postgraduate,7.4,26,1,31,TRUE,139,3,Facebook,17,14,Relaxed,4,TRUE,56,High
43,Male,College,4.5,33,11,42,FALSE,153,7,YouTube,14,32,Irritable,3,FALSE,79,High
40,Female,Graduate,1,6,46,38,FALSE,23,1,Twitter,34,13,Irritable,9,TRUE,43,High
29,Male,Graduate,8.2,33,11,125,TRUE,51,2,Reddit,46,14,Happy,4,FALSE,26,High
25,Male,Postgraduate,3.5,21,44,193,FALSE,111,5,Twitter,20,16,Neutral,5,TRUE,63,High
34,Female,School,4.6,29,5,140,TRUE,20,2,WhatsApp,59,38,Neutral,2,TRUE,65,High
17,Female,College,1.3,29,24,21,FALSE,37,7,Instagram,43,16,Irritable,8,FALSE,64,High
28,Male,School,2.8,33,53,17,TRUE,98,3,LinkedIn,45,7,Anxious,3,FALSE,68,High
26,Male,Postgraduate,1.3,32,58,140,TRUE,167,6,YouTube,14,25,Happy,7,FALSE,21,Medium
44,Female,College,7.2,8,9,175,FALSE,82,6,Instagram,53,2,Anxious,8,FALSE,76,High
25,Male,School,9.9,21,8,30,TRUE,37,6,Reddit,17,31,Happy,6,TRUE,36,High
25,Female,College,7.3,5,38,178,FALSE,155,3,Reddit,21,24,Calm,9,FALSE,21,High
26,Female,College,9.9,19,16,63,FALSE,105,4,Twitter,19,33,Irritable,8,TRUE,36,High
32,Male,Graduate,3.9,6,33,42,TRUE,177,1,YouTube,12,26,Relaxed,6,TRUE,70,High
20,Female,College,6.1,18,58,152,FALSE,125,7,LinkedIn,43,11,Anxious,3,TRUE,10,High
23,Male,Graduate,9.4,11,31,169,TRUE,60,2,Reddit,11,8,Anxious,8,TRUE,54,High
42,Male,School,8.2,34,47,136,FALSE,26,3,Reddit,19,16,Neutral,4,TRUE,10,High
40,Male,Graduate,8.1,7,41,197,FALSE,125,6,Facebook,10,18,Anxious,6,FALSE,16,High
37,Male,School,6.9,29,45,131,TRUE,166,7,Twitter,45,36,Calm,8,FALSE,57,High
37,Female,School,1.4,16,18,155,FALSE,169,5,Reddit,31,3,Anxious,3,FALSE,39,Medium
43,Female,College,1.6,19,33,144,FALSE,95,1,LinkedIn,29,21,Relaxed,8,TRUE,24,High
19,Male,Graduate,4.1,16,20,197,TRUE,171,2,Twitter,48,32,Anxious,9,TRUE,40,High
40,Female,Graduate,7.5,8,2,88,FALSE,25,7,Reddit,41,12,Anxious,3,FALSE,22,High
22,Male,Postgraduate,8.5,5,35,35,FALSE,27,4,WhatsApp,47,30,Anxious,7,TRUE,46,High
26,Female,School,4.4,6,55,46,FALSE,88,6,Instagram,44,14,Relaxed,8,TRUE,88,High
16,Female,Postgraduate,1.9,21,59,98,TRUE,47,2,YouTube,34,37,Relaxed,5,FALSE,69,High
22,Female,Graduate,6.4,8,45,160,TRUE,66,7,YouTube,10,10,Happy,3,FALSE,18,High
30,Female,School,5.7,14,12,103,FALSE,124,1,YouTube,4,20,Calm,8,TRUE,47,High
26,Female,College,7.4,26,20,37,TRUE,140,3,LinkedIn,36,37,Anxious,5,FALSE,53,High
31,Male,Graduate,7.3,28,28,120,TRUE,153,4,Instagram,58,20,Irritable,2,TRUE,82,High
16,Male,College,2.1,9,20,35,FALSE,48,1,TikTok,54,35,Anxious,6,FALSE,63,High
19,Female,Graduate,1.9,23,14,21,FALSE,39,5,WhatsApp,49,24,Calm,2,TRUE,54,Medium
43,Male,Postgraduate,8.8,28,47,180,FALSE,170,4,YouTube,37,20,Anxious,7,TRUE,49,High
34,Male,Graduate,7.3,14,55,17,TRUE,104,1,YouTube,54,8,Excited,6,TRUE,9,High
29,Female,Graduate,2.6,6,1,64,FALSE,138,2,Facebook,42,10,Calm,2,FALSE,86,High
31,Female,College,8.5,19,40,122,TRUE,95,3,Facebook,7,25,Excited,4,TRUE,37,High
15,Female,Postgraduate,2.9,20,14,62,FALSE,67,5,Twitter,40,26,Irritable,2,TRUE,68,High
20,Male,College,3.9,5,41,98,TRUE,32,1,YouTube,52,13,Excited,9,FALSE,79,High
18,Male,Postgraduate,6.9,10,46,141,FALSE,121,3,LinkedIn,5,34,Excited,2,TRUE,17,High
23,Female,Postgraduate,3.9,17,11,138,FALSE,107,6,LinkedIn,53,7,Excited,9,FALSE,89,High
29,Female,College,6.7,30,7,152,FALSE,168,3,Reddit,59,29,Happy,9,TRUE,37,High
31,Male,College,5.9,7,44,111,FALSE,30,3,TikTok,7,14,Happy,2,TRUE,50,Medium
23,Male,College,4.4,30,8,57,TRUE,175,5,TikTok,28,26,Anxious,9,FALSE,16,High
19,Male,Graduate,4.6,9,15,53,FALSE,34,3,YouTube,47,23,Relaxed,6,FALSE,50,Medium
32,Female,Postgraduate,7.4,15,45,30,FALSE,170,3,Twitter,54,16,Calm,5,FALSE,19,High
39,Female,School,6.9,23,15,77,TRUE,40,5,Snapchat,21,19,Happy,2,TRUE,82,High
43,Male,College,6.6,25,52,36,TRUE,176,7,Instagram,27,35,Excited,8,TRUE,20,High
24,Female,School,6.5,22,2,186,TRUE,96,4,YouTube,25,25,Anxious,7,FALSE,78,High
21,Male,Postgraduate,5.7,11,56,179,FALSE,61,4,Facebook,19,4,Irritable,6,TRUE,11,Medium
36,Male,Graduate,6,28,45,115,FALSE,66,3,TikTok,12,22,Irritable,6,FALSE,25,Medium
36,Female,Postgraduate,6.3,30,9,24,TRUE,29,2,Facebook,56,8,Excited,8,FALSE,84,High
31,Male,Graduate,3.1,9,4,59,FALSE,171,3,YouTube,35,39,Excited,9,TRUE,22,High
33,Female,College,6.6,5,55,78,FALSE,68,3,Twitter,43,34,Excited,1,FALSE,25,High
31,Female,School,2.6,9,15,172,FALSE,179,3,YouTube,9,9,Calm,9,FALSE,29,High
16,Male,School,3.5,11,21,155,TRUE,86,2,Reddit,53,39,Irritable,9,TRUE,79,High
21,Female,College,4.1,18,19,77,TRUE,121,2,WhatsApp,31,39,Relaxed,4,TRUE,40,Medium
17,Male,Graduate,4.6,5,59,79,FALSE,32,1,TikTok,59,2,Neutral,5,TRUE,48,Medium
41,Male,Postgraduate,6.8,12,38,59,FALSE,86,6,Twitter,43,3,Anxious,6,TRUE,74,High
16,Male,School,9.9,6,38,44,FALSE,117,7,Facebook,29,8,Excited,6,TRUE,48,High
40,Female,School,9.6,17,29,40,TRUE,66,1,TikTok,54,16,Irritable,9,FALSE,59,High
30,Male,Graduate,1,20,12,145,TRUE,22,6,Snapchat,44,23,Relaxed,3,FALSE,9,Low
34,Female,Postgraduate,9.3,16,1,130,TRUE,49,5,Instagram,19,6,Relaxed,6,TRUE,86,High
22,Male,College,7.8,5,53,25,TRUE,57,4,TikTok,33,14,Relaxed,4,TRUE,27,High
32,Male,College,4.1,13,21,11,FALSE,94,3,Snapchat,51,23,Relaxed,4,TRUE,86,High
37,Female,Postgraduate,2.5,26,43,152,FALSE,105,4,Twitter,36,12,Neutral,1,FALSE,46,Medium
20,Male,College,8.4,7,30,167,FALSE,153,3,Snapchat,15,7,Anxious,4,FALSE,18,High
23,Male,School,3.9,7,2,100,FALSE,149,3,LinkedIn,17,14,Calm,4,TRUE,86,High
24,Female,Graduate,8.4,29,54,42,FALSE,114,6,Instagram,0,16,Calm,6,TRUE,56,High
17,Female,Postgraduate,9.6,10,25,150,TRUE,136,2,TikTok,7,21,Irritable,2,TRUE,72,High
39,Male,Postgraduate,3.1,17,12,41,FALSE,147,4,Reddit,12,31,Happy,4,TRUE,22,Medium
43,Male,School,2,10,32,102,FALSE,62,6,LinkedIn,1,23,Neutral,3,FALSE,35,Medium
33,Male,Graduate,6.1,6,10,98,TRUE,149,6,LinkedIn,10,31,Excited,8,FALSE,83,High
23,Female,College,4.9,13,35,158,FALSE,92,4,Instagram,45,7,Anxious,1,TRUE,8,Medium
18,Male,Graduate,10,21,37,112,FALSE,143,4,Twitter,28,36,Relaxed,6,FALSE,54,High
19,Female,Postgraduate,9,34,35,16,TRUE,174,4,LinkedIn,21,14,Calm,7,TRUE,9,High
44,Female,Graduate,3.2,34,27,158,TRUE,98,5,TikTok,9,23,Irritable,8,FALSE,43,High
19,Female,Graduate,2.9,25,26,190,TRUE,101,5,Instagram,44,32,Neutral,4,TRUE,85,High
17,Female,Graduate,3.4,15,21,61,TRUE,136,2,Instagram,3,34,Irritable,4,TRUE,86,High
22,Male,Graduate,8.3,33,52,166,TRUE,61,5,Snapchat,41,13,Relaxed,1,FALSE,68,High
31,Male,Graduate,6.9,13,1,139,TRUE,79,5,Twitter,32,10,Anxious,2,FALSE,62,High
42,Male,Graduate,8,32,11,43,FALSE,27,3,LinkedIn,21,8,Neutral,1,FALSE,83,High
31,Female,School,1.6,28,45,78,TRUE,179,4,LinkedIn,0,23,Calm,5,TRUE,12,Medium
27,Female,Postgraduate,1.3,27,43,138,FALSE,128,3,Reddit,23,35,Neutral,8,TRUE,21,High
19,Female,College,5.6,12,58,168,FALSE,129,4,Twitter,10,15,Relaxed,3,TRUE,11,Medium
33,Male,Postgraduate,2.7,15,58,14,TRUE,24,6,Instagram,53,32,Excited,8,TRUE,68,High
24,Female,Graduate,1.2,20,28,90,FALSE,155,1,WhatsApp,8,2,Calm,2,TRUE,71,High
31,Female,College,3.3,8,14,114,FALSE,141,7,Reddit,49,10,Irritable,5,FALSE,40,Medium
26,Male,College,5.3,6,54,22,TRUE,179,7,LinkedIn,15,32,Relaxed,2,FALSE,15,Medium
24,Female,Postgraduate,4,12,18,192,TRUE,172,3,Reddit,13,25,Calm,2,FALSE,26,Medium
34,Female,Postgraduate,3.2,25,44,41,FALSE,132,5,Reddit,34,32,Irritable,7,TRUE,43,Medium
31,Female,School,3.3,19,18,158,TRUE,160,6,LinkedIn,20,8,Anxious,8,TRUE,11,High
37,Female,Postgraduate,6.9,15,22,159,TRUE,108,6,Snapchat,27,29,Relaxed,2,FALSE,6,High
43,Female,School,7.2,24,27,59,FALSE,114,7,Reddit,50,23,Happy,8,TRUE,48,High
27,Male,College,4.7,9,33,193,TRUE,22,7,Twitter,53,19,Irritable,7,FALSE,33,Medium
44,Female,School,8.9,19,25,137,FALSE,130,2,WhatsApp,57,16,Happy,8,FALSE,5,High
26,Male,Postgraduate,7.5,5,4,113,TRUE,83,2,Twitter,33,25,Neutral,5,FALSE,50,High
21,Male,College,6.5,6,41,121,FALSE,32,1,Twitter,51,36,Anxious,6,FALSE,62,High
36,Female,Postgraduate,8.5,18,14,130,FALSE,140,4,Snapchat,10,16,Excited,3,TRUE,74,High
38,Female,School,5.5,30,4,120,TRUE,144,4,Snapchat,19,10,Anxious,8,FALSE,30,High
19,Male,Postgraduate,7,26,40,112,FALSE,168,2,Instagram,37,4,Calm,9,TRUE,49,High
34,Female,College,4.6,11,4,23,TRUE,22,5,Snapchat,15,4,Irritable,8,TRUE,28,High
16,Female,Graduate,6.4,23,31,197,TRUE,79,3,TikTok,48,19,Relaxed,6,FALSE,28,High
27,Female,School,7.7,30,38,126,FALSE,178,4,Snapchat,18,36,Relaxed,7,FALSE,59,High
15,Male,College,1.8,24,49,56,FALSE,76,4,Snapchat,53,33,Relaxed,1,TRUE,74,High
18,Male,Postgraduate,5.5,19,27,152,TRUE,66,6,Reddit,59,11,Calm,7,FALSE,13,Medium
40,Female,Graduate,6.3,29,52,70,FALSE,157,2,Twitter,2,13,Neutral,1,FALSE,74,High
31,Female,School,9.4,23,53,156,TRUE,54,6,Facebook,25,5,Relaxed,5,FALSE,88,High
31,Female,School,4.9,9,36,79,TRUE,109,4,WhatsApp,38,39,Irritable,2,FALSE,39,Medium
15,Male,Postgraduate,8,8,6,50,TRUE,79,4,Snapchat,59,31,Excited,4,FALSE,28,High
39,Female,College,9.6,34,24,117,FALSE,125,6,TikTok,21,28,Relaxed,7,FALSE,39,High
37,Male,School,9.2,28,10,89,TRUE,163,6,Reddit,30,25,Anxious,6,TRUE,48,High
23,Male,Graduate,5.4,28,43,93,FALSE,101,2,TikTok,42,21,Happy,4,FALSE,54,Medium
15,Female,Postgraduate,7.9,10,15,169,FALSE,167,7,Reddit,47,7,Neutral,5,FALSE,46,High
40,Female,School,4.8,18,57,174,FALSE,77,5,WhatsApp,17,5,Relaxed,3,FALSE,41,Medium
38,Female,Postgraduate,4,23,25,94,FALSE,147,4,Reddit,56,33,Excited,2,TRUE,72,High
24,Male,Postgraduate,1.8,26,55,42,FALSE,100,5,Snapchat,33,28,Excited,9,FALSE,43,High
36,Male,School,5.9,6,6,107,FALSE,84,2,LinkedIn,20,5,Excited,2,TRUE,26,Medium
30,Male,Graduate,2.9,14,34,153,TRUE,131,3,Snapchat,38,22,Calm,8,TRUE,44,High
20,Female,College,8.3,14,35,72,TRUE,68,7,Reddit,20,20,Happy,4,TRUE,19,High
38,Female,Postgraduate,2.1,19,22,125,TRUE,111,6,Facebook,26,28,Neutral,1,TRUE,67,High
16,Female,College,1.6,34,3,53,FALSE,116,2,Twitter,51,35,Relaxed,6,TRUE,43,Medium
34,Female,Graduate,5.1,31,50,180,FALSE,166,5,Facebook,50,11,Excited,8,TRUE,16,High
24,Female,School,1.8,32,28,50,TRUE,104,7,Snapchat,8,15,Happy,8,FALSE,86,High
24,Male,Postgraduate,5,10,12,139,TRUE,26,3,TikTok,44,3,Neutral,2,TRUE,44,Medium
20,Male,Graduate,2.3,5,55,17,TRUE,120,4,Facebook,47,37,Happy,4,TRUE,74,High
28,Male,School,1.8,13,12,148,FALSE,65,7,Instagram,15,1,Neutral,7,FALSE,25,Medium
44,Female,School,6.7,8,28,111,FALSE,78,7,Snapchat,26,5,Neutral,9,FALSE,7,High
15,Female,Graduate,1.3,24,34,163,TRUE,145,6,WhatsApp,4,35,Excited,9,FALSE,54,High
20,Male,College,7.4,16,57,148,TRUE,127,4,Twitter,8,21,Happy,8,FALSE,7,High
26,Male,College,4,30,48,30,TRUE,175,2,YouTube,32,21,Neutral,3,FALSE,56,Medium
16,Male,Graduate,4.1,19,18,67,FALSE,94,1,TikTok,22,22,Excited,1,FALSE,73,High
26,Male,Postgraduate,5.2,19,27,172,TRUE,52,4,WhatsApp,15,34,Calm,2,FALSE,44,Medium
38,Male,Graduate,1.6,11,6,157,FALSE,143,1,Reddit,7,23,Anxious,3,FALSE,8,Low
40,Male,Postgraduate,5.6,10,15,30,FALSE,76,5,WhatsApp,52,14,Irritable,4,TRUE,80,High
31,Male,Postgraduate,7.9,7,13,124,TRUE,153,3,Facebook,26,23,Happy,2,TRUE,50,High
20,Male,Graduate,3,25,8,199,FALSE,54,3,YouTube,29,14,Neutral,4,FALSE,29,Low
22,Female,Postgraduate,7.7,30,38,159,TRUE,102,6,LinkedIn,50,3,Neutral,3,TRUE,77,High
42,Male,Postgraduate,1.2,11,14,72,TRUE,92,3,Reddit,59,19,Irritable,4,TRUE,18,Low
38,Male,College,7.3,33,36,177,TRUE,49,1,Reddit,32,25,Neutral,5,FALSE,63,High
28,Male,College,7.7,8,59,77,TRUE,27,2,Snapchat,40,22,Calm,9,FALSE,59,High
30,Female,College,3.2,21,48,167,FALSE,31,3,YouTube,10,21,Anxious,5,FALSE,73,High
30,Male,College,8.5,7,44,170,TRUE,156,4,Instagram,34,17,Irritable,2,TRUE,69,High
22,Male,College,5.7,19,40,85,TRUE,95,6,Instagram,46,15,Calm,9,TRUE,23,High
40,Female,Postgraduate,2.5,26,40,30,FALSE,70,6,Facebook,19,29,Relaxed,3,FALSE,8,Low
37,Male,College,5.6,32,4,159,TRUE,95,5,LinkedIn,2,22,Excited,2,TRUE,38,Medium
41,Male,Postgraduate,7.7,5,8,96,TRUE,25,6,Twitter,24,18,Relaxed,1,FALSE,65,High
26,Female,School,6.4,31,8,133,FALSE,125,1,Instagram,56,29,Irritable,1,FALSE,44,High
28,Male,Postgraduate,6.5,17,20,65,FALSE,160,5,Reddit,37,8,Neutral,4,TRUE,43,High
35,Female,School,4.9,34,42,116,FALSE,73,6,YouTube,40,9,Happy,8,TRUE,41,High
31,Male,School,6.6,28,21,60,FALSE,78,7,YouTube,54,39,Happy,3,FALSE,15,High
27,Male,College,9.4,17,1,177,FALSE,127,3,TikTok,11,8,Happy,8,FALSE,65,High
35,Male,School,3.3,33,48,170,FALSE,64,2,Reddit,38,28,Anxious,5,FALSE,12,Medium
39,Female,Graduate,6.7,27,30,184,TRUE,103,2,Facebook,17,2,Excited,4,TRUE,37,High
18,Male,School,4.3,23,47,165,TRUE,103,1,Instagram,32,12,Calm,3,TRUE,19,Medium
23,Male,College,9.5,33,41,60,FALSE,94,5,WhatsApp,9,14,Calm,2,FALSE,55,High
36,Female,Postgraduate,2,11,28,12,TRUE,103,6,YouTube,26,2,Neutral,6,FALSE,7,Medium
30,Male,Postgraduate,9.9,6,17,178,TRUE,31,3,YouTube,42,1,Excited,7,FALSE,49,High
29,Male,Graduate,1.4,25,49,136,FALSE,172,7,TikTok,23,38,Happy,5,FALSE,58,Medium
25,Female,Graduate,4.9,7,45,128,TRUE,92,5,Instagram,37,30,Happy,2,TRUE,36,Medium
17,Male,Postgraduate,5.1,16,15,50,TRUE,82,7,Instagram,39,11,Calm,9,FALSE,37,High
38,Female,College,4.4,28,28,174,TRUE,26,4,Reddit,36,1,Relaxed,1,FALSE,51,Medium
34,Male,Postgraduate,4.1,14,18,172,TRUE,145,3,Instagram,48,38,Relaxed,5,TRUE,12,Medium
16,Female,College,8.6,28,12,74,TRUE,50,4,YouTube,48,5,Anxious,8,FALSE,63,High
17,Female,Graduate,9.7,8,26,164,FALSE,126,3,TikTok,41,6,Excited,5,TRUE,34,High
24,Male,College,9.1,33,37,179,FALSE,143,5,Twitter,34,23,Excited,6,TRUE,72,High
32,Male,College,8.4,21,29,86,FALSE,78,7,TikTok,51,17,Relaxed,6,FALSE,72,High
19,Male,College,2.4,21,13,171,TRUE,128,6,Instagram,52,23,Neutral,3,FALSE,7,Low
24,Male,Postgraduate,8.4,17,51,94,FALSE,146,4,WhatsApp,20,11,Anxious,7,TRUE,72,High
33,Male,Graduate,2.5,28,35,150,FALSE,130,2,Reddit,10,36,Irritable,3,FALSE,21,Low
17,Female,College,8.9,12,22,161,TRUE,38,5,Instagram,38,21,Neutral,8,TRUE,32,High
19,Male,Graduate,5.3,8,54,156,FALSE,83,3,LinkedIn,52,34,Anxious,6,FALSE,49,Medium
29,Female,Postgraduate,8.8,25,54,148,TRUE,24,1,Snapchat,55,20,Excited,9,FALSE,50,High
40,Female,School,9.5,21,51,156,FALSE,173,4,TikTok,43,32,Excited,6,FALSE,59,High
40,Male,School,5.4,15,33,199,TRUE,170,7,LinkedIn,26,11,Neutral,9,TRUE,85,High
33,Male,School,9.1,31,18,101,TRUE,23,7,LinkedIn,44,35,Excited,9,FALSE,76,High
34,Female,Postgraduate,1,21,49,105,TRUE,91,3,YouTube,37,3,Calm,5,FALSE,17,Medium
29,Female,College,6.6,27,16,123,TRUE,41,5,LinkedIn,21,3,Happy,6,FALSE,14,High
24,Female,Postgraduate,6.7,25,16,178,FALSE,171,3,Twitter,55,30,Excited,9,FALSE,51,High
17,Female,College,10,12,26,122,FALSE,90,6,LinkedIn,6,3,Anxious,1,TRUE,40,High
39,Female,College,6.7,19,37,150,TRUE,155,5,LinkedIn,59,9,Excited,1,FALSE,40,High
17,Male,College,6.5,12,23,18,TRUE,53,6,LinkedIn,13,4,Neutral,6,FALSE,79,High
17,Male,Postgraduate,5.9,18,13,182,FALSE,53,5,TikTok,18,38,Anxious,2,FALSE,44,Medium
31,Male,College,5.5,14,16,111,TRUE,85,2,TikTok,25,13,Happy,8,FALSE,35,High
42,Male,Graduate,8.8,7,8,129,FALSE,145,7,LinkedIn,26,29,Calm,7,TRUE,57,High
21,Male,School,3,13,30,190,FALSE,32,5,Instagram,18,19,Relaxed,9,TRUE,29,High
36,Female,College,2.7,27,23,41,FALSE,93,2,Twitter,35,8,Excited,6,FALSE,56,Medium
34,Male,School,7.1,18,50,165,FALSE,129,4,LinkedIn,52,24,Relaxed,6,FALSE,34,High
18,Male,School,2.3,27,8,21,TRUE,138,7,Snapchat,13,34,Happy,2,FALSE,79,High
23,Male,College,7.7,19,57,102,FALSE,173,2,Facebook,31,22,Relaxed,6,FALSE,85,High
37,Female,School,6.2,12,41,143,FALSE,88,4,Twitter,56,29,Happy,9,TRUE,69,High
25,Female,Graduate,3.4,31,34,181,FALSE,119,2,YouTube,14,13,Excited,3,TRUE,53,Medium
20,Female,College,4.4,16,51,174,TRUE,164,2,YouTube,22,26,Anxious,1,FALSE,64,High
41,Female,College,8.6,27,10,184,TRUE,42,5,Facebook,20,13,Relaxed,5,FALSE,37,High
38,Male,College,7.8,21,4,184,FALSE,44,6,Facebook,8,21,Anxious,4,FALSE,87,High
33,Male,College,6.8,14,17,110,FALSE,67,7,LinkedIn,27,35,Neutral,2,TRUE,82,High
17,Female,College,4.3,32,7,22,FALSE,160,4,Snapchat,30,2,Happy,9,FALSE,77,High
20,Female,School,5.3,28,22,109,TRUE,128,7,TikTok,44,34,Irritable,9,TRUE,12,High
21,Male,Graduate,2.1,7,28,79,FALSE,168,4,Snapchat,39,1,Relaxed,4,FALSE,25,Low
42,Female,College,1.4,17,57,58,TRUE,137,6,Facebook,9,10,Excited,5,FALSE,28,Medium
16,Female,Postgraduate,1.2,8,14,147,FALSE,172,3,YouTube,46,38,Calm,1,TRUE,16,Low
36,Female,Graduate,3.4,33,43,162,TRUE,141,4,Twitter,25,38,Irritable,1,FALSE,88,High
37,Female,Postgraduate,8,19,17,113,FALSE,111,2,TikTok,11,27,Excited,6,TRUE,57,High
24,Male,School,7.9,34,41,171,TRUE,153,7,TikTok,31,32,Irritable,5,TRUE,29,High
15,Male,Postgraduate,7.7,11,52,66,TRUE,145,4,Instagram,15,16,Calm,5,TRUE,81,High
21,Male,Postgraduate,8.9,23,9,169,TRUE,94,1,WhatsApp,22,25,Excited,8,FALSE,76,High
27,Male,Graduate,4.6,8,40,166,TRUE,176,2,Facebook,33,28,Relaxed,7,FALSE,48,Medium
40,Female,School,6.2,12,9,128,FALSE,152,4,WhatsApp,49,11,Excited,6,FALSE,21,High
41,Male,College,7.5,11,42,194,FALSE,45,1,YouTube,9,19,Happy,5,TRUE,76,High
22,Female,College,9.2,32,11,74,FALSE,68,7,Snapchat,51,38,Relaxed,8,FALSE,58,High
42,Male,Postgraduate,5.8,13,46,35,FALSE,133,5,Instagram,19,11,Excited,8,FALSE,58,High
15,Male,School,9.6,31,34,24,TRUE,80,2,Snapchat,20,5,Irritable,6,TRUE,42,High
44,Female,Postgraduate,8.3,22,14,55,TRUE,160,7,Twitter,29,3,Irritable,6,TRUE,12,High
26,Female,Graduate,9.1,16,33,84,TRUE,96,2,TikTok,10,31,Calm,6,TRUE,45,High
30,Male,School,6.7,32,48,193,FALSE,83,3,Snapchat,25,12,Neutral,5,TRUE,22,High
33,Male,School,2.6,10,54,163,TRUE,153,4,Facebook,43,29,Relaxed,2,FALSE,21,Low
25,Female,College,4.6,20,2,171,TRUE,27,5,TikTok,41,8,Relaxed,4,TRUE,69,High
25,Female,College,7,31,20,97,FALSE,105,5,Reddit,21,9,Calm,5,FALSE,78,High
18,Female,College,4.2,32,42,180,TRUE,123,2,YouTube,54,8,Irritable,6,FALSE,31,Medium
39,Female,Postgraduate,4.6,16,13,182,TRUE,29,4,LinkedIn,8,27,Neutral,2,FALSE,5,Medium
39,Male,Graduate,7.8,21,3,157,FALSE,136,6,YouTube,34,35,Happy,1,FALSE,82,High
31,Female,Graduate,8.1,24,29,190,TRUE,110,2,Twitter,3,1,Happy,2,FALSE,5,High
40,Male,Graduate,8.9,24,52,96,FALSE,29,3,Snapchat,10,5,Relaxed,1,FALSE,21,High
36,Female,Graduate,8.8,17,41,77,FALSE,158,3,Facebook,20,35,Anxious,3,TRUE,23,High
27,Female,Postgraduate,4.2,19,55,80,FALSE,173,5,Reddit,20,14,Excited,4,TRUE,27,Medium
24,Female,College,9,22,52,118,TRUE,155,1,TikTok,47,19,Neutral,7,TRUE,50,High
42,Female,Postgraduate,6.7,31,4,131,TRUE,34,3,YouTube,36,1,Irritable,3,TRUE,28,High
41,Female,Postgraduate,8.5,33,36,33,TRUE,43,2,LinkedIn,3,3,Relaxed,2,FALSE,61,High
31,Female,Graduate,5.9,28,52,32,FALSE,128,5,YouTube,30,6,Relaxed,5,FALSE,61,High
24,Female,Postgraduate,2.8,11,38,94,FALSE,80,4,Snapchat,2,22,Neutral,4,TRUE,80,High
20,Male,College,7.6,8,47,178,FALSE,160,7,Snapchat,57,30,Irritable,5,TRUE,29,High
30,Female,Graduate,8.4,18,57,135,FALSE,142,7,WhatsApp,53,36,Relaxed,7,TRUE,20,High
38,Female,School,7.9,26,21,25,FALSE,78,7,WhatsApp,30,10,Calm,2,FALSE,13,High
31,Male,College,9.6,14,22,26,FALSE,87,4,Facebook,46,25,Excited,5,TRUE,69,High
39,Female,Postgraduate,2.5,21,41,136,TRUE,107,2,Reddit,39,15,Relaxed,7,TRUE,74,High
15,Male,College,2.1,30,39,135,TRUE,76,1,TikTok,33,29,Calm,9,FALSE,17,High
20,Female,School,4,24,53,12,TRUE,100,7,Snapchat,48,12,Neutral,7,FALSE,68,High
15,Male,Postgraduate,3.8,30,15,109,TRUE,51,4,YouTube,17,19,Happy,4,TRUE,39,Medium
22,Female,Postgraduate,8.2,5,14,171,TRUE,151,3,Facebook,28,19,Happy,6,TRUE,53,High
22,Male,School,1.5,5,5,36,TRUE,99,6,YouTube,39,13,Anxious,3,TRUE,23,Low
26,Female,School,3,15,10,98,TRUE,167,7,YouTube,3,23,Calm,2,TRUE,26,Low
33,Female,Postgraduate,5.5,12,7,193,FALSE,138,3,WhatsApp,49,16,Anxious,7,FALSE,87,High
33,Female,College,1.1,20,8,133,FALSE,132,4,Facebook,52,11,Calm,5,FALSE,31,Medium
26,Female,College,6.6,5,5,66,FALSE,175,6,TikTok,4,33,Anxious,2,TRUE,23,High
36,Female,School,4,6,30,56,FALSE,52,5,YouTube,19,7,Calm,7,FALSE,18,Medium
37,Female,Postgraduate,4.8,26,29,157,TRUE,48,2,WhatsApp,9,8,Irritable,1,TRUE,70,High
20,Female,School,5.9,32,41,91,FALSE,90,3,YouTube,2,10,Neutral,2,FALSE,39,Medium
30,Male,Graduate,6.7,28,10,175,FALSE,41,2,Snapchat,42,39,Neutral,6,TRUE,24,High
41,Male,Postgraduate,4.9,24,44,156,TRUE,103,3,Reddit,46,2,Anxious,5,TRUE,38,Medium
36,Male,Postgraduate,9.7,19,27,19,FALSE,92,1,YouTube,31,6,Excited,9,TRUE,63,High
18,Male,College,3.2,6,29,74,FALSE,102,2,Instagram,24,10,Excited,5,FALSE,83,High
41,Female,School,7.6,20,21,132,TRUE,41,4,Twitter,33,30,Neutral,9,FALSE,32,High
15,Female,School,1.1,8,7,58,TRUE,156,4,Reddit,18,1,Anxious,4,FALSE,77,High
27,Female,College,6.6,10,48,175,FALSE,164,2,YouTube,49,27,Relaxed,6,TRUE,54,High
17,Female,College,9,25,25,165,TRUE,130,7,WhatsApp,3,29,Relaxed,9,TRUE,31,High
40,Female,School,10,32,17,52,FALSE,140,1,TikTok,41,20,Neutral,8,TRUE,43,High
31,Female,School,8.4,19,32,189,FALSE,66,7,TikTok,32,5,Irritable,2,FALSE,44,High
25,Female,Graduate,5.1,7,58,170,FALSE,94,2,Twitter,29,10,Calm,2,TRUE,42,Medium
33,Female,Graduate,5.4,17,56,183,FALSE,150,2,Facebook,37,1,Neutral,7,FALSE,12,Medium
33,Female,Postgraduate,7.9,21,9,143,TRUE,126,1,Reddit,38,28,Neutral,1,FALSE,58,High
19,Male,School,7,28,59,94,FALSE,21,5,Snapchat,57,38,Irritable,8,FALSE,40,High
32,Female,College,6.8,9,15,101,FALSE,37,2,Instagram,21,11,Relaxed,9,FALSE,81,High
18,Male,School,6.3,11,43,63,TRUE,107,4,Instagram,27,15,Anxious,1,TRUE,59,High
17,Male,College,4.7,22,57,138,TRUE,121,6,Snapchat,20,29,Anxious,5,FALSE,78,High
42,Female,School,7,11,3,118,FALSE,66,4,Reddit,18,35,Irritable,4,FALSE,73,High
15,Male,School,3.8,32,27,65,FALSE,42,1,Twitter,20,24,Happy,9,TRUE,59,High
28,Male,School,9.2,9,36,119,TRUE,125,2,Reddit,38,16,Anxious,1,FALSE,89,High
43,Female,Graduate,4.5,23,45,44,FALSE,58,6,Facebook,40,5,Calm,7,FALSE,85,High
26,Male,School,8.7,7,30,66,TRUE,146,6,LinkedIn,8,29,Calm,5,FALSE,17,High
28,Male,College,4.5,20,23,54,TRUE,164,7,LinkedIn,39,21,Neutral,2,FALSE,10,Medium
26,Male,Graduate,5.6,26,54,42,TRUE,177,1,Twitter,42,32,Calm,3,TRUE,82,High
40,Female,Graduate,4.2,32,51,173,FALSE,47,3,Snapchat,13,39,Happy,7,FALSE,51,Medium
36,Female,Postgraduate,3.4,26,15,135,FALSE,175,3,TikTok,8,33,Irritable,1,FALSE,23,Medium
17,Male,Postgraduate,7.3,19,42,166,TRUE,117,3,Twitter,12,1,Anxious,2,TRUE,52,High
29,Female,Graduate,2,21,53,73,FALSE,80,5,WhatsApp,38,24,Neutral,1,FALSE,75,High
27,Female,Postgraduate,4.5,21,3,16,TRUE,77,1,LinkedIn,38,1,Anxious,1,FALSE,66,High
31,Male,School,8.7,31,3,38,TRUE,136,3,WhatsApp,31,26,Irritable,9,FALSE,58,High
42,Male,Postgraduate,7.3,28,1,102,FALSE,105,1,Reddit,50,7,Happy,3,TRUE,23,High
16,Male,Graduate,4.6,19,3,148,TRUE,49,1,LinkedIn,39,18,Relaxed,3,FALSE,52,Medium
16,Male,Graduate,1.6,26,6,194,FALSE,123,4,Snapchat,14,28,Calm,4,TRUE,61,High
31,Male,College,1.7,6,13,54,FALSE,98,4,Snapchat,28,29,Irritable,3,TRUE,87,High
17,Male,College,4.2,12,59,192,FALSE,81,4,Snapchat,58,11,Irritable,2,FALSE,66,High
31,Female,Graduate,4.4,32,34,70,FALSE,67,1,TikTok,35,8,Excited,9,FALSE,62,High
19,Female,Postgraduate,5.7,34,39,67,TRUE,118,5,WhatsApp,18,29,Neutral,7,FALSE,13,Medium
42,Female,School,4.5,30,17,153,FALSE,150,5,TikTok,25,36,Neutral,5,TRUE,66,High
24,Female,Graduate,3.8,33,13,20,TRUE,73,3,Facebook,56,2,Anxious,1,FALSE,6,Medium
32,Female,College,4.4,30,23,155,FALSE,81,1,Reddit,37,3,Neutral,6,FALSE,71,High
44,Male,Graduate,3,34,45,165,FALSE,168,2,Twitter,45,13,Happy,4,FALSE,11,Low
36,Female,School,1.6,25,15,141,TRUE,42,7,YouTube,5,24,Calm,4,FALSE,88,High
26,Male,Postgraduate,2.4,12,1,174,TRUE,82,6,Snapchat,5,21,Happy,3,FALSE,83,High
19,Female,Graduate,6.7,18,50,185,TRUE,153,1,LinkedIn,55,29,Anxious,7,TRUE,81,High
20,Male,Postgraduate,1.8,12,11,191,FALSE,144,6,LinkedIn,47,27,Relaxed,4,FALSE,16,Low
25,Male,College,9.4,31,32,70,TRUE,128,3,Facebook,34,31,Relaxed,1,TRUE,39,High
34,Male,School,9,25,51,191,TRUE,177,7,Snapchat,59,35,Neutral,6,FALSE,42,High
28,Female,Postgraduate,9.2,21,32,109,FALSE,179,7,Snapchat,14,35,Neutral,3,TRUE,84,High
19,Male,Graduate,8.8,14,19,34,FALSE,87,5,Reddit,28,19,Relaxed,2,FALSE,78,High
43,Female,Postgraduate,4.5,24,48,96,TRUE,171,3,Instagram,45,34,Happy,7,TRUE,32,Medium
19,Male,Postgraduate,6.7,9,51,158,FALSE,31,2,WhatsApp,3,20,Happy,6,FALSE,29,High
28,Female,Graduate,1.5,15,18,164,TRUE,74,6,Twitter,17,23,Excited,5,FALSE,48,Medium
19,Female,College,1.5,31,25,191,TRUE,169,3,TikTok,0,7,Happy,4,FALSE,69,High
29,Male,School,2.8,26,22,184,FALSE,112,6,Reddit,13,20,Irritable,2,FALSE,37,Medium
37,Female,Postgraduate,2.5,19,12,49,TRUE,137,4,Twitter,29,38,Neutral,3,FALSE,32,Medium
38,Female,School,9.6,17,13,75,FALSE,56,1,Twitter,37,2,Excited,4,FALSE,58,High
40,Female,College,7.7,16,40,52,TRUE,169,4,Instagram,7,29,Neutral,8,TRUE,34,High
31,Male,Graduate,6.5,24,55,153,FALSE,81,3,YouTube,6,16,Neutral,8,FALSE,52,High
41,Female,School,7.6,28,9,172,TRUE,56,2,TikTok,16,31,Relaxed,7,FALSE,61,High
22,Female,School,9.5,25,30,119,TRUE,39,4,TikTok,38,12,Excited,1,FALSE,21,High
24,Female,Postgraduate,9.4,23,46,20,FALSE,117,2,LinkedIn,6,34,Excited,4,FALSE,54,High
20,Male,Postgraduate,9.5,24,15,93,FALSE,150,5,Facebook,56,8,Relaxed,8,TRUE,60,High
37,Male,School,8.2,18,8,102,TRUE,113,4,Snapchat,9,39,Excited,1,FALSE,40,High
43,Female,College,3.7,8,37,35,TRUE,105,4,YouTube,30,18,Calm,6,FALSE,26,Medium
16,Female,School,8.5,15,28,55,FALSE,115,6,TikTok,4,38,Happy,8,FALSE,28,High
17,Female,Graduate,1,32,23,154,TRUE,84,7,WhatsApp,30,31,Relaxed,9,FALSE,59,High
24,Female,Postgraduate,3.5,6,9,31,FALSE,160,1,YouTube,47,18,Relaxed,3,TRUE,80,High
22,Female,Postgraduate,7,14,15,72,TRUE,32,1,TikTok,31,9,Neutral,8,FALSE,24,High
40,Female,School,2.8,22,13,85,TRUE,57,3,Facebook,59,7,Anxious,9,TRUE,52,High
32,Male,College,2.1,11,4,196,FALSE,108,6,LinkedIn,39,13,Excited,1,FALSE,10,Low
33,Male,Graduate,7.6,32,26,23,TRUE,114,6,WhatsApp,3,39,Irritable,8,FALSE,29,High
27,Female,Graduate,7,10,38,129,TRUE,72,6,Twitter,2,28,Happy,3,FALSE,84,High
36,Male,Postgraduate,6.4,10,8,81,TRUE,81,1,Instagram,5,14,Happy,3,TRUE,14,High
17,Male,Postgraduate,9,16,49,68,FALSE,50,5,LinkedIn,4,25,Happy,9,FALSE,35,High
44,Female,College,5.7,24,39,136,TRUE,169,4,Twitter,12,20,Irritable,4,TRUE,81,High
31,Male,College,2.4,5,1,152,TRUE,36,2,TikTok,7,27,Excited,7,TRUE,50,Medium
22,Female,School,2.9,30,47,196,FALSE,32,7,Reddit,36,28,Relaxed,9,TRUE,65,High
30,Female,School,6.5,26,18,154,TRUE,49,7,YouTube,12,32,Happy,2,TRUE,86,High
27,Female,Postgraduate,7.1,34,21,121,TRUE,74,1,Facebook,39,19,Neutral,4,TRUE,19,High
23,Male,College,5.2,16,31,62,TRUE,147,4,Snapchat,29,33,Excited,9,TRUE,56,High
23,Female,Postgraduate,8.6,5,44,84,FALSE,117,1,Instagram,31,15,Calm,1,TRUE,82,High
39,Male,College,6.5,12,27,199,FALSE,31,1,Reddit,42,11,Excited,7,TRUE,47,High
31,Male,Postgraduate,2.9,30,29,94,FALSE,170,6,YouTube,21,38,Happy,5,FALSE,68,High
33,Male,School,5.7,13,49,124,TRUE,158,1,YouTube,20,2,Excited,8,FALSE,87,High
21,Male,College,3.4,21,6,156,FALSE,47,2,YouTube,37,37,Anxious,3,TRUE,72,High
36,Female,School,3.5,15,36,67,FALSE,32,4,Instagram,57,32,Happy,1,TRUE,64,High
28,Female,College,8.2,32,35,113,TRUE,47,1,Reddit,41,18,Irritable,8,TRUE,67,High
26,Male,Graduate,2.7,20,50,141,TRUE,174,1,Twitter,46,16,Neutral,8,FALSE,80,High
38,Male,School,4.1,17,25,43,FALSE,86,2,TikTok,23,9,Calm,4,TRUE,68,High
22,Male,College,6.2,7,24,14,FALSE,46,1,Reddit,14,35,Irritable,9,TRUE,57,High
26,Male,Graduate,4.7,6,23,104,FALSE,103,4,Twitter,22,4,Excited,7,TRUE,52,Medium
37,Male,School,2,26,25,75,TRUE,177,3,Instagram,57,21,Calm,9,TRUE,88,High
31,Male,Postgraduate,8.4,25,33,125,FALSE,57,5,Instagram,14,15,Happy,9,FALSE,25,High
38,Male,Postgraduate,2,9,6,122,TRUE,126,4,WhatsApp,46,23,Calm,4,FALSE,22,Low
35,Female,Graduate,8.4,26,40,160,FALSE,59,2,Reddit,9,25,Irritable,4,FALSE,76,High
37,Female,School,3.3,9,58,190,FALSE,74,5,TikTok,55,38,Neutral,5,FALSE,77,High
41,Male,College,6.4,5,40,197,FALSE,70,6,YouTube,10,28,Excited,7,FALSE,81,High
41,Male,School,7.7,33,54,131,TRUE,113,1,Reddit,38,31,Relaxed,5,FALSE,60,High
29,Male,Graduate,2.3,24,25,85,TRUE,148,7,LinkedIn,21,37,Calm,1,FALSE,69,High
39,Female,Postgraduate,6.2,26,42,158,TRUE,98,1,Facebook,21,38,Relaxed,3,FALSE,84,High
22,Male,School,2.4,21,17,99,TRUE,160,1,TikTok,37,17,Anxious,6,TRUE,39,Medium
28,Female,School,2.6,12,15,63,TRUE,46,5,WhatsApp,48,31,Anxious,5,FALSE,39,Medium
42,Male,Postgraduate,2.1,26,58,58,TRUE,170,1,Reddit,33,26,Relaxed,5,FALSE,24,Medium
20,Male,College,2.5,22,18,141,FALSE,36,1,Facebook,13,14,Neutral,7,FALSE,48,Medium
37,Male,College,5.6,15,47,172,FALSE,100,3,Reddit,18,20,Neutral,4,TRUE,39,Medium
40,Male,Postgraduate,8.5,12,24,70,TRUE,144,1,Snapchat,6,1,Anxious,3,FALSE,36,High
18,Female,School,4.7,30,14,174,FALSE,131,7,WhatsApp,46,4,Calm,8,FALSE,63,High
30,Female,College,8.4,34,4,182,TRUE,109,4,WhatsApp,31,2,Irritable,3,FALSE,12,High
38,Male,School,9.7,13,39,54,TRUE,27,7,Reddit,55,39,Irritable,9,FALSE,84,High
17,Female,College,1.8,10,18,123,FALSE,136,5,Snapchat,38,34,Calm,7,TRUE,73,High
44,Male,Graduate,5.9,30,46,117,FALSE,23,5,WhatsApp,22,6,Relaxed,2,TRUE,19,Medium
22,Female,School,5.9,13,37,15,FALSE,131,3,Twitter,2,11,Irritable,1,TRUE,8,Medium
18,Female,Postgraduate,3.1,23,5,169,FALSE,54,6,TikTok,0,20,Excited,6,FALSE,15,Medium
27,Female,School,9.9,7,9,69,FALSE,95,7,TikTok,13,33,Excited,2,TRUE,77,High
37,Female,Graduate,1.6,33,47,78,FALSE,66,4,WhatsApp,22,30,Relaxed,9,FALSE,32,High
16,Male,School,2.5,20,47,34,FALSE,93,6,Reddit,41,30,Anxious,7,FALSE,45,Medium
39,Female,Postgraduate,7,24,48,19,FALSE,118,3,Reddit,10,21,Neutral,5,FALSE,49,High
21,Female,College,2.2,34,2,85,TRUE,140,2,Twitter,17,11,Excited,1,FALSE,22,Low
17,Female,College,1.3,30,16,15,FALSE,127,3,TikTok,46,12,Calm,4,FALSE,6,Low
40,Male,Postgraduate,3.5,31,15,81,FALSE,26,7,WhatsApp,46,12,Irritable,1,FALSE,67,High
43,Female,School,3.9,8,21,17,TRUE,88,2,TikTok,15,36,Irritable,6,TRUE,51,Medium
26,Male,College,3.6,27,16,23,TRUE,90,5,Instagram,51,37,Irritable,3,TRUE,19,Medium
18,Male,Postgraduate,7.2,24,19,115,FALSE,40,5,Facebook,26,29,Relaxed,4,FALSE,29,High
20,Male,College,4.1,6,22,25,FALSE,165,5,TikTok,53,36,Anxious,3,FALSE,38,Medium
27,Female,Postgraduate,3.2,26,29,109,TRUE,41,4,TikTok,51,36,Calm,9,FALSE,23,High
20,Male,College,3.2,19,15,194,FALSE,167,1,Snapchat,31,4,Irritable,2,FALSE,86,High
19,Female,School,2.4,34,11,174,TRUE,41,2,Instagram,3,29,Relaxed,2,FALSE,81,High
24,Female,School,5,11,4,156,TRUE,178,3,Facebook,56,21,Anxious,3,FALSE,57,Medium
16,Female,School,4.9,14,2,69,TRUE,36,6,Twitter,38,31,Excited,8,FALSE,5,High
25,Female,Postgraduate,6,8,7,163,TRUE,130,2,Facebook,11,31,Irritable,1,FALSE,79,High
42,Female,Postgraduate,2.8,19,28,190,FALSE,125,7,LinkedIn,1,24,Relaxed,4,TRUE,23,Low
40,Female,College,3.6,22,43,84,FALSE,31,3,Twitter,41,27,Irritable,1,FALSE,58,Medium
16,Male,College,7.9,6,54,39,TRUE,103,6,Reddit,27,25,Anxious,8,TRUE,81,High
38,Female,Postgraduate,7.7,14,47,174,FALSE,41,1,LinkedIn,19,27,Anxious,9,FALSE,84,High
16,Male,School,2.7,29,2,21,TRUE,92,4,Instagram,25,9,Happy,9,TRUE,52,High
34,Male,Postgraduate,5.3,6,1,188,TRUE,143,4,WhatsApp,23,27,Calm,2,FALSE,35,Medium
39,Male,Graduate,9.7,33,15,21,TRUE,120,4,Reddit,19,39,Calm,8,TRUE,25,High
24,Male,College,5.9,9,18,151,TRUE,147,2,Facebook,11,22,Relaxed,8,TRUE,74,High
18,Female,School,9.9,26,14,136,TRUE,99,5,LinkedIn,35,25,Neutral,1,TRUE,49,High
18,Male,School,6.5,10,3,160,TRUE,128,3,Twitter,15,5,Excited,4,TRUE,25,High
22,Female,College,2.1,11,31,149,FALSE,163,1,Twitter,44,23,Excited,7,TRUE,50,Medium
29,Male,Graduate,1.8,13,54,53,FALSE,117,5,Snapchat,44,27,Relaxed,4,FALSE,82,High
29,Male,College,9,25,31,108,TRUE,36,4,LinkedIn,18,23,Relaxed,8,TRUE,17,High
41,Female,College,8.4,9,9,38,FALSE,89,7,WhatsApp,24,31,Irritable,6,FALSE,70,High
27,Female,College,9.9,31,25,81,FALSE,148,4,YouTube,43,23,Happy,7,FALSE,58,High
38,Female,Graduate,4.6,26,26,25,FALSE,118,4,Facebook,45,3,Relaxed,1,FALSE,62,High
35,Male,Postgraduate,3.8,21,2,166,FALSE,103,6,YouTube,7,29,Relaxed,3,FALSE,37,Medium
17,Female,College,7.6,9,27,117,TRUE,128,4,Facebook,8,39,Happy,4,FALSE,23,High
20,Female,College,1.8,15,13,150,FALSE,105,4,Twitter,51,22,Relaxed,3,TRUE,76,High
34,Male,College,6,30,48,124,TRUE,45,7,LinkedIn,42,13,Happy,9,TRUE,24,High
38,Male,Postgraduate,1.5,11,51,21,TRUE,30,2,Instagram,41,27,Anxious,6,TRUE,47,Medium
33,Male,College,7.2,18,52,122,TRUE,84,3,WhatsApp,39,8,Excited,4,FALSE,51,High
38,Male,College,1.7,11,4,162,FALSE,159,2,Twitter,37,12,Happy,3,FALSE,41,Medium
28,Male,Graduate,7.6,20,57,22,TRUE,108,5,Snapchat,53,4,Neutral,1,FALSE,11,High
28,Female,Postgraduate,3.8,32,54,182,FALSE,42,2,TikTok,27,26,Excited,9,FALSE,58,High
43,Male,Postgraduate,4.1,8,14,87,FALSE,54,6,WhatsApp,27,17,Irritable,3,TRUE,84,High
28,Female,Postgraduate,4.2,33,45,88,TRUE,129,1,Snapchat,50,38,Neutral,5,FALSE,68,High
36,Male,School,6.8,10,23,16,TRUE,41,1,Instagram,17,10,Relaxed,9,TRUE,11,High
30,Male,School,6.2,10,27,61,TRUE,20,4,Reddit,52,34,Calm,4,FALSE,21,High
18,Male,School,2.9,30,4,10,FALSE,90,6,Reddit,49,9,Anxious,3,FALSE,12,Low
43,Male,College,3.3,8,50,132,TRUE,62,3,Instagram,31,14,Happy,9,FALSE,22,High
42,Male,School,3.7,20,35,56,FALSE,50,4,Instagram,36,17,Calm,7,FALSE,52,Medium
28,Male,Postgraduate,7.8,11,41,141,FALSE,49,6,WhatsApp,21,11,Calm,2,TRUE,16,High
44,Female,College,4.2,30,53,10,FALSE,146,2,Twitter,25,23,Excited,6,FALSE,74,High
26,Male,Graduate,1.4,26,19,110,TRUE,165,7,Facebook,36,30,Excited,9,FALSE,46,High
15,Female,College,2.3,16,54,103,TRUE,174,7,Snapchat,8,21,Excited,7,TRUE,33,Medium
15,Male,School,6.1,25,15,11,FALSE,136,4,Snapchat,53,18,Calm,3,TRUE,11,High
25,Male,Graduate,5.1,10,37,195,FALSE,127,3,Twitter,30,11,Anxious,4,TRUE,86,High
18,Male,Graduate,4.2,33,24,31,TRUE,146,6,YouTube,41,25,Excited,7,FALSE,61,High
35,Male,School,4.7,20,31,151,TRUE,175,4,Twitter,50,9,Relaxed,6,FALSE,36,Medium
19,Female,Graduate,6.4,14,53,196,FALSE,93,3,YouTube,38,15,Neutral,7,FALSE,33,High
41,Male,Graduate,2.5,23,10,101,TRUE,48,7,Twitter,34,6,Anxious,6,TRUE,81,High
43,Male,Postgraduate,5.3,12,8,131,FALSE,103,7,Twitter,3,21,Relaxed,3,TRUE,49,Medium
22,Female,School,6.2,17,3,18,FALSE,79,6,TikTok,12,7,Happy,7,TRUE,45,High
36,Male,School,5.9,9,44,10,FALSE,29,3,YouTube,15,8,Irritable,8,FALSE,54,High
26,Female,School,9.9,32,26,121,FALSE,97,1,WhatsApp,35,23,Calm,6,FALSE,73,High
25,Male,School,1.4,34,13,52,TRUE,97,4,LinkedIn,17,28,Happy,3,TRUE,60,Medium
41,Male,Graduate,7.9,13,40,77,FALSE,65,1,Instagram,33,3,Neutral,8,TRUE,10,High
30,Male,Graduate,9.7,11,30,182,TRUE,32,5,Instagram,24,20,Neutral,6,FALSE,86,High
29,Male,School,2.9,14,55,54,FALSE,133,7,Instagram,11,13,Excited,2,FALSE,59,Medium
25,Female,College,8.6,11,53,35,TRUE,33,6,Snapchat,44,24,Anxious,9,TRUE,69,High
33,Male,School,7.7,26,23,193,TRUE,38,2,Twitter,11,28,Irritable,1,FALSE,23,High
42,Female,School,8.2,33,49,46,FALSE,173,3,Reddit,33,35,Neutral,8,FALSE,84,High
20,Male,School,4.6,27,54,159,TRUE,35,4,WhatsApp,47,35,Happy,8,TRUE,59,High
37,Male,Graduate,6.1,30,40,94,TRUE,172,1,LinkedIn,0,6,Irritable,7,TRUE,68,High
37,Male,College,5.4,27,32,167,TRUE,96,3,Instagram,17,23,Irritable,1,FALSE,25,Medium
39,Female,College,2.8,31,45,181,TRUE,107,3,Snapchat,46,7,Calm,2,FALSE,52,Medium
34,Male,School,7.3,31,9,118,TRUE,76,7,YouTube,20,26,Happy,8,TRUE,49,High
27,Female,Graduate,5,24,37,126,FALSE,111,1,Twitter,27,2,Excited,9,TRUE,62,High
32,Male,Postgraduate,4.7,15,57,47,FALSE,153,5,YouTube,10,14,Calm,2,TRUE,44,Medium
17,Male,Graduate,2.6,7,33,161,TRUE,38,2,Twitter,48,24,Irritable,3,FALSE,66,High
15,Female,Postgraduate,2.8,17,49,135,FALSE,108,2,YouTube,28,19,Neutral,7,FALSE,87,High
39,Male,Postgraduate,7.7,23,9,138,FALSE,61,3,Snapchat,32,34,Irritable,8,FALSE,59,High
32,Male,School,3.8,33,45,143,TRUE,40,2,WhatsApp,5,32,Relaxed,9,TRUE,52,High
25,Male,College,1.8,14,10,39,FALSE,37,4,TikTok,23,9,Relaxed,4,FALSE,67,High
22,Female,Postgraduate,7,13,26,141,TRUE,35,7,LinkedIn,34,5,Excited,7,FALSE,9,High
34,Female,Graduate,8.3,19,2,102,TRUE,32,4,TikTok,41,10,Anxious,9,TRUE,12,High
17,Female,School,1.4,18,9,126,TRUE,30,3,LinkedIn,36,13,Calm,4,FALSE,17,Low
26,Female,College,4.2,32,56,82,TRUE,71,7,WhatsApp,1,23,Happy,7,TRUE,44,Medium
21,Male,College,1.8,33,14,188,FALSE,108,7,WhatsApp,49,20,Irritable,7,TRUE,85,High
27,Female,Graduate,7,17,58,112,FALSE,125,7,Facebook,5,3,Irritable,3,FALSE,86,High
25,Male,College,6.8,9,19,68,FALSE,145,7,Facebook,15,24,Anxious,9,TRUE,72,High
29,Male,College,7.8,27,35,192,TRUE,33,1,Twitter,18,38,Happy,4,TRUE,11,High
44,Male,Graduate,4.1,29,16,120,FALSE,91,2,Facebook,27,16,Irritable,4,FALSE,87,High
24,Male,College,5.9,17,13,16,TRUE,174,2,YouTube,33,36,Anxious,9,TRUE,10,High
38,Male,Postgraduate,1.9,10,29,135,TRUE,172,7,LinkedIn,16,24,Relaxed,3,FALSE,32,Medium
17,Male,Graduate,2.6,33,14,188,TRUE,109,5,Reddit,53,39,Anxious,8,FALSE,55,High
34,Male,Postgraduate,3.6,26,59,80,TRUE,156,5,Snapchat,0,29,Anxious,8,FALSE,60,High
36,Female,Postgraduate,3.3,31,3,113,FALSE,26,3,Facebook,0,27,Irritable,6,TRUE,75,High
26,Male,College,2.8,31,11,51,FALSE,136,1,Reddit,49,36,Happy,5,TRUE,63,High
31,Male,Postgraduate,5.1,9,48,12,TRUE,135,7,TikTok,34,14,Irritable,1,FALSE,28,Medium
34,Male,Postgraduate,2,22,54,88,FALSE,98,6,LinkedIn,26,15,Irritable,2,TRUE,40,Medium
37,Male,Postgraduate,3.4,7,47,114,TRUE,117,5,Twitter,31,30,Calm,4,FALSE,17,Medium
15,Male,Graduate,1.5,19,44,87,TRUE,140,5,Facebook,33,18,Relaxed,6,TRUE,75,High
43,Male,College,1.3,33,25,47,TRUE,33,3,WhatsApp,53,2,Relaxed,1,TRUE,82,High
39,Female,Postgraduate,6.4,33,20,94,TRUE,41,3,YouTube,36,16,Excited,2,TRUE,47,High
31,Female,Graduate,3.5,27,2,141,TRUE,104,7,Instagram,33,30,Anxious,6,FALSE,85,High
21,Male,College,8.6,9,20,25,FALSE,70,1,Snapchat,36,9,Neutral,5,FALSE,46,High
39,Male,Postgraduate,1.9,15,36,95,FALSE,83,6,Instagram,21,34,Neutral,7,FALSE,33,Medium
20,Female,Postgraduate,7.6,5,18,80,TRUE,146,1,WhatsApp,0,24,Irritable,4,TRUE,8,High
43,Male,Graduate,4.1,15,59,41,FALSE,47,2,WhatsApp,40,36,Excited,6,TRUE,66,High
30,Female,Postgraduate,3.1,22,42,65,TRUE,132,5,WhatsApp,55,18,Relaxed,6,FALSE,81,High
31,Female,College,5,11,42,88,FALSE,165,7,LinkedIn,53,30,Relaxed,2,TRUE,62,High
18,Male,Graduate,9.9,28,18,115,FALSE,26,6,Instagram,21,1,Excited,4,FALSE,53,High
34,Male,College,8.8,33,21,87,TRUE,28,3,YouTube,46,12,Happy,3,TRUE,60,High
33,Male,School,1.2,24,24,164,TRUE,91,1,YouTube,53,24,Relaxed,7,FALSE,87,High
36,Male,School,6,27,35,71,TRUE,49,5,LinkedIn,21,11,Relaxed,4,TRUE,33,Medium
33,Female,School,4,6,1,40,FALSE,177,2,YouTube,54,17,Neutral,6,FALSE,18,Medium
37,Female,College,2.5,18,56,31,TRUE,75,7,Snapchat,18,34,Irritable,3,FALSE,5,Low
34,Female,School,8.8,10,37,74,TRUE,148,3,LinkedIn,20,16,Excited,6,TRUE,44,High
40,Female,Postgraduate,5.6,5,36,83,TRUE,36,1,WhatsApp,58,23,Irritable,7,FALSE,48,Medium
35,Female,College,3.6,19,34,55,TRUE,97,7,Twitter,31,19,Happy,2,TRUE,14,Medium
32,Female,School,3.8,9,12,79,FALSE,169,1,Snapchat,19,1,Happy,6,TRUE,62,High
20,Male,Postgraduate,8.1,10,45,106,FALSE,42,7,TikTok,25,13,Happy,7,TRUE,83,High
26,Male,Graduate,9.7,5,15,45,FALSE,128,7,TikTok,26,5,Neutral,2,TRUE,59,High
40,Female,Postgraduate,2,27,38,128,TRUE,97,5,Snapchat,25,35,Anxious,3,TRUE,33,Medium
16,Male,School,5.1,13,23,80,FALSE,22,2,Instagram,31,31,Calm,2,TRUE,47,Medium
21,Male,Graduate,8.4,33,14,189,FALSE,25,7,LinkedIn,9,7,Excited,2,FALSE,34,High
18,Male,Postgraduate,6,32,17,106,FALSE,93,3,Instagram,46,12,Calm,8,FALSE,84,High
23,Male,Graduate,5.7,34,27,37,TRUE,83,6,Snapchat,58,2,Anxious,4,FALSE,75,High
27,Female,Graduate,4.1,27,22,83,TRUE,44,5,Facebook,47,38,Irritable,9,FALSE,49,High
38,Male,Postgraduate,2.3,28,33,154,TRUE,76,2,TikTok,31,24,Happy,9,TRUE,72,High
31,Female,Graduate,2,22,48,103,FALSE,104,5,Reddit,17,29,Anxious,8,TRUE,78,High
27,Female,Postgraduate,8.9,14,48,110,FALSE,64,2,Facebook,16,9,Anxious,1,TRUE,33,High
18,Female,School,9.6,24,56,129,TRUE,66,3,Reddit,43,9,Anxious,5,TRUE,23,High
40,Male,Graduate,9.3,29,26,163,FALSE,111,1,TikTok,17,32,Anxious,5,FALSE,7,High
16,Male,Postgraduate,9.3,23,17,170,TRUE,95,1,Reddit,55,3,Anxious,1,FALSE,59,High
40,Male,School,4.3,24,36,126,TRUE,137,7,TikTok,45,36,Calm,8,FALSE,65,High
36,Female,College,4.6,21,25,19,FALSE,137,2,Instagram,7,29,Anxious,7,FALSE,10,Medium
30,Male,College,5.3,11,41,87,FALSE,62,2,Facebook,25,14,Happy,7,TRUE,37,Medium
40,Male,School,1.2,24,3,189,TRUE,87,5,Instagram,25,11,Calm,2,TRUE,18,Low
26,Male,Postgraduate,5.3,16,26,53,TRUE,32,6,Instagram,23,34,Calm,5,TRUE,32,Medium
30,Female,Graduate,1,6,42,96,FALSE,98,5,Twitter,22,17,Anxious,2,TRUE,88,High
34,Male,Postgraduate,7.6,7,55,21,TRUE,59,2,Facebook,35,14,Excited,3,FALSE,38,High
26,Male,Graduate,6.8,10,13,109,TRUE,41,2,Reddit,11,30,Happy,5,FALSE,55,High
22,Female,College,5.3,20,19,15,TRUE,103,3,Reddit,52,37,Anxious,7,TRUE,63,High
19,Male,College,2.6,7,58,78,TRUE,42,5,WhatsApp,36,9,Calm,3,FALSE,74,High
31,Male,College,5.7,12,21,130,FALSE,30,6,Instagram,7,24,Neutral,3,TRUE,18,Medium
37,Female,Postgraduate,7.5,16,38,117,TRUE,138,6,LinkedIn,33,10,Anxious,1,TRUE,21,High
17,Male,Postgraduate,3.7,23,1,21,FALSE,122,4,Instagram,41,13,Excited,2,FALSE,89,High
36,Female,College,9.1,22,5,28,FALSE,149,4,YouTube,16,10,Neutral,2,FALSE,10,High
22,Female,Postgraduate,4,15,57,136,FALSE,159,1,TikTok,1,8,Relaxed,5,FALSE,14,Medium
35,Female,Graduate,8.2,12,36,115,TRUE,33,6,WhatsApp,49,21,Neutral,6,FALSE,25,High
26,Male,Postgraduate,4.1,11,20,96,TRUE,154,1,Snapchat,0,26,Happy,6,TRUE,42,Medium
36,Male,School,8.8,26,44,83,FALSE,138,6,TikTok,57,6,Relaxed,1,TRUE,55,High
32,Female,Graduate,1.6,23,10,129,TRUE,168,6,Facebook,20,39,Neutral,8,TRUE,37,High
41,Male,College,8,32,57,105,FALSE,67,2,Facebook,26,10,Anxious,9,TRUE,56,High
24,Female,Graduate,1.6,30,25,84,TRUE,42,2,Twitter,56,23,Excited,7,TRUE,37,Medium
35,Male,School,3.3,19,33,93,FALSE,54,3,YouTube,49,18,Calm,8,FALSE,76,High
43,Female,School,9,25,10,96,FALSE,158,2,TikTok,57,26,Happy,4,TRUE,37,High
29,Female,Graduate,3.6,29,4,51,TRUE,166,2,Reddit,36,30,Anxious,3,TRUE,62,High
37,Male,Postgraduate,3.4,20,1,149,FALSE,43,2,Instagram,52,8,Excited,2,FALSE,61,High
30,Female,School,6.5,34,54,22,FALSE,102,5,Twitter,2,26,Neutral,8,TRUE,62,High
40,Male,Graduate,7.8,6,11,117,TRUE,175,2,YouTube,12,37,Excited,6,FALSE,80,High
16,Male,School,1.1,11,26,97,TRUE,35,7,Snapchat,39,9,Excited,5,TRUE,17,Medium
19,Male,School,2.7,24,13,178,TRUE,129,2,Twitter,14,7,Calm,8,TRUE,32,High
17,Male,Graduate,3.7,20,36,94,TRUE,84,4,Snapchat,10,26,Calm,5,FALSE,27,Medium
43,Male,College,5.1,17,45,177,FALSE,170,3,Facebook,15,30,Excited,4,TRUE,84,High
35,Male,College,3.9,16,12,99,TRUE,120,1,YouTube,27,9,Excited,5,FALSE,58,Medium
34,Male,School,4.5,28,35,119,FALSE,96,7,LinkedIn,41,14,Calm,6,FALSE,72,High
35,Female,School,4,28,41,110,FALSE,70,2,Snapchat,42,15,Irritable,6,TRUE,19,Medium
19,Female,Graduate,4.6,26,51,19,TRUE,159,6,Instagram,3,31,Irritable,2,TRUE,84,High
22,Male,College,4,27,12,107,TRUE,120,3,LinkedIn,8,18,Excited,3,TRUE,67,High
39,Female,School,3.9,13,14,13,TRUE,112,1,Reddit,44,15,Relaxed,4,TRUE,73,High
16,Female,Postgraduate,5.3,11,32,26,FALSE,131,3,Reddit,26,24,Neutral,3,FALSE,50,Medium
24,Male,Graduate,7.1,30,49,199,TRUE,57,7,Facebook,21,4,Calm,1,FALSE,63,High
23,Male,Postgraduate,6.3,27,2,58,TRUE,145,7,Instagram,46,31,Calm,8,TRUE,52,High
33,Male,College,5.6,27,24,186,TRUE,143,2,TikTok,15,13,Calm,4,FALSE,84,High
44,Male,Postgraduate,4.5,8,3,122,TRUE,105,2,Snapchat,56,12,Excited,7,FALSE,89,High
38,Male,Postgraduate,7.5,16,31,195,TRUE,106,6,Instagram,52,20,Excited,7,FALSE,32,High
30,Female,School,5.6,19,17,46,TRUE,96,3,WhatsApp,29,18,Anxious,4,TRUE,88,High
34,Female,School,9.8,16,7,181,TRUE,136,4,Facebook,58,34,Happy,2,FALSE,73,High
37,Female,Graduate,9.9,14,41,131,TRUE,157,2,Facebook,37,27,Anxious,3,TRUE,25,High
22,Male,Postgraduate,2.1,21,39,87,TRUE,104,6,Facebook,20,9,Excited,1,TRUE,73,High
40,Female,Postgraduate,2.2,24,40,175,TRUE,82,3,WhatsApp,35,33,Calm,8,FALSE,66,High
43,Male,College,8.1,8,58,117,FALSE,29,7,Snapchat,5,1,Irritable,7,FALSE,62,High
41,Male,School,6.5,20,56,125,FALSE,167,6,LinkedIn,53,25,Anxious,5,TRUE,25,High
32,Male,Postgraduate,3.9,29,29,28,FALSE,147,1,Twitter,0,3,Relaxed,5,TRUE,44,Medium
17,Male,School,7.6,17,38,64,TRUE,128,2,Reddit,20,23,Happy,6,TRUE,81,High
31,Female,College,9.2,21,2,28,TRUE,154,6,Instagram,41,20,Irritable,9,FALSE,21,High
41,Male,School,3.3,34,36,28,TRUE,36,5,Twitter,38,18,Excited,5,TRUE,75,High
31,Male,Postgraduate,8.9,12,45,141,FALSE,172,5,Reddit,29,12,Relaxed,4,FALSE,33,High
23,Female,Graduate,3.4,28,14,78,FALSE,165,2,WhatsApp,56,19,Neutral,2,FALSE,21,Medium
44,Female,School,7.9,7,23,138,TRUE,98,4,YouTube,8,15,Calm,8,FALSE,64,High
43,Female,Graduate,5.6,31,19,118,FALSE,95,4,Reddit,0,21,Neutral,1,TRUE,5,Medium
24,Female,College,3.3,31,32,199,FALSE,122,4,TikTok,21,18,Irritable,2,TRUE,43,Medium
31,Female,Postgraduate,6.1,16,8,63,TRUE,90,4,LinkedIn,17,38,Calm,9,TRUE,77,High
28,Female,School,2.1,23,35,91,TRUE,152,6,Reddit,27,30,Irritable,4,TRUE,43,Medium
34,Male,School,3.9,32,12,159,FALSE,178,7,Twitter,47,20,Excited,6,FALSE,59,Medium
18,Female,Graduate,8.4,29,1,144,TRUE,114,4,LinkedIn,41,5,Calm,2,FALSE,46,High
20,Male,Postgraduate,7.9,11,18,83,FALSE,127,2,TikTok,16,4,Excited,7,FALSE,66,High
23,Male,Postgraduate,7.4,32,59,128,TRUE,64,2,WhatsApp,50,34,Happy,6,TRUE,54,High
19,Male,College,5.1,7,3,95,FALSE,93,3,Snapchat,2,12,Calm,1,TRUE,11,Medium
27,Male,School,5.9,8,10,97,TRUE,36,4,TikTok,5,19,Calm,5,TRUE,78,High
23,Male,Postgraduate,3,23,21,33,TRUE,23,3,Twitter,34,3,Excited,4,FALSE,44,Medium
30,Male,School,3.9,28,44,49,TRUE,87,6,Instagram,13,13,Irritable,6,TRUE,21,Medium
18,Female,Postgraduate,3.8,7,17,11,FALSE,96,4,Reddit,1,28,Neutral,6,TRUE,59,Medium
17,Female,Graduate,3.6,30,12,78,FALSE,103,7,Facebook,38,13,Neutral,9,FALSE,61,High
35,Male,Graduate,6.1,17,56,106,TRUE,76,6,WhatsApp,15,35,Anxious,3,TRUE,9,High
40,Female,School,6.2,11,53,193,FALSE,157,2,YouTube,51,34,Excited,3,FALSE,76,High
25,Male,School,5,17,2,79,FALSE,60,7,TikTok,31,20,Calm,9,FALSE,54,High
30,Female,Postgraduate,5.2,11,39,154,FALSE,64,3,Twitter,5,23,Relaxed,6,TRUE,42,Medium
16,Female,Postgraduate,9.1,24,25,88,FALSE,132,5,LinkedIn,7,37,Excited,1,FALSE,56,High
15,Male,Graduate,5.1,19,5,27,FALSE,137,5,Snapchat,36,30,Calm,3,TRUE,68,High
24,Female,Graduate,3.4,31,48,53,TRUE,101,7,Snapchat,32,16,Excited,6,TRUE,39,Medium
16,Female,Postgraduate,8.9,34,13,178,FALSE,78,5,WhatsApp,54,28,Neutral,5,TRUE,49,High
34,Female,Postgraduate,6.6,31,30,67,TRUE,174,2,Reddit,6,38,Happy,5,TRUE,57,High
29,Male,College,5.1,20,31,156,TRUE,156,5,Snapchat,53,39,Calm,4,TRUE,7,Medium
38,Male,Postgraduate,3.5,24,11,106,FALSE,121,2,YouTube,10,27,Irritable,1,FALSE,25,Medium
21,Male,School,9.8,18,2,100,FALSE,130,2,Instagram,58,1,Neutral,3,FALSE,39,High
42,Female,Graduate,9.8,29,43,93,TRUE,70,2,Snapchat,17,10,Relaxed,5,FALSE,13,High
16,Male,Postgraduate,5.2,10,31,19,FALSE,133,4,Instagram,35,21,Happy,1,FALSE,74,High
30,Female,Graduate,4.2,14,5,198,TRUE,109,6,LinkedIn,43,26,Anxious,8,TRUE,9,High
44,Female,Postgraduate,7,20,1,153,FALSE,22,4,Reddit,46,31,Irritable,8,TRUE,84,High
37,Female,Postgraduate,5.4,6,54,164,FALSE,109,2,YouTube,58,38,Excited,9,TRUE,15,High
22,Male,Graduate,3.2,25,7,73,FALSE,40,3,TikTok,53,21,Happy,8,TRUE,24,High
22,Female,College,8.6,22,57,102,TRUE,28,7,Snapchat,29,26,Excited,6,FALSE,84,High
18,Male,College,2.7,26,37,95,TRUE,90,7,Snapchat,40,29,Excited,6,FALSE,32,Medium
30,Female,Graduate,6.2,18,53,82,TRUE,110,5,LinkedIn,25,29,Relaxed,3,FALSE,53,High
25,Male,Graduate,8.5,12,23,142,TRUE,61,7,LinkedIn,41,36,Relaxed,9,TRUE,31,High
40,Male,School,2.2,29,9,126,TRUE,174,1,YouTube,22,10,Anxious,4,TRUE,29,Low
36,Male,Graduate,4,10,58,79,TRUE,72,2,Twitter,57,18,Neutral,7,FALSE,6,Medium
26,Female,School,7.1,24,39,33,FALSE,131,4,Facebook,0,1,Excited,1,TRUE,5,High
35,Male,Postgraduate,1.3,34,41,12,FALSE,65,7,Twitter,10,24,Calm,6,TRUE,68,High
26,Female,College,1.4,17,1,33,FALSE,54,4,Facebook,35,16,Happy,8,TRUE,20,High
41,Male,School,6.8,26,15,153,TRUE,34,1,Twitter,33,11,Neutral,1,TRUE,83,High
40,Female,Graduate,3.8,15,5,150,TRUE,157,3,Snapchat,17,34,Calm,7,TRUE,45,Medium
24,Male,College,1.5,11,59,48,TRUE,22,4,LinkedIn,6,26,Relaxed,1,FALSE,52,Medium
29,Male,School,2.9,11,32,141,TRUE,39,2,WhatsApp,52,36,Happy,1,TRUE,64,High
38,Female,Graduate,1.6,34,54,45,FALSE,99,2,WhatsApp,18,1,Neutral,5,TRUE,55,Medium
36,Male,School,5.1,17,52,110,TRUE,119,4,Snapchat,3,36,Excited,4,TRUE,57,Medium
32,Male,Postgraduate,4.2,13,18,31,FALSE,85,5,YouTube,35,39,Excited,7,TRUE,33,Medium
36,Male,Postgraduate,2.5,21,16,197,TRUE,178,3,Instagram,8,31,Calm,1,TRUE,6,Low
34,Female,School,1.1,18,59,106,FALSE,118,2,TikTok,38,20,Irritable,2,FALSE,45,Medium
33,Male,School,8.7,22,16,141,FALSE,159,5,LinkedIn,6,14,Excited,7,FALSE,16,High
17,Male,Postgraduate,6.2,30,42,41,FALSE,93,3,WhatsApp,16,5,Neutral,9,TRUE,53,High
15,Male,Postgraduate,5.3,22,9,71,TRUE,48,5,Facebook,49,14,Relaxed,9,FALSE,19,High
20,Female,Postgraduate,7.5,33,15,102,TRUE,23,2,Snapchat,49,39,Happy,3,FALSE,66,High
24,Male,Postgraduate,2,17,42,195,FALSE,39,2,Reddit,47,25,Relaxed,9,FALSE,81,High
18,Male,School,4.7,5,28,61,FALSE,56,4,Instagram,33,5,Calm,6,TRUE,73,High
27,Male,School,9.7,5,3,39,TRUE,133,4,Facebook,28,3,Anxious,9,TRUE,34,High
23,Male,School,4.1,34,3,183,TRUE,87,1,WhatsApp,50,13,Relaxed,7,TRUE,48,Medium
17,Male,College,8.4,13,2,198,TRUE,60,4,Snapchat,30,2,Excited,2,FALSE,81,High
28,Female,School,5.3,14,44,83,TRUE,75,3,YouTube,24,34,Neutral,5,FALSE,34,Medium
21,Male,Graduate,2.2,26,55,76,FALSE,160,3,TikTok,25,24,Happy,5,TRUE,74,High
25,Male,School,4.5,21,42,20,FALSE,122,2,Snapchat,25,18,Excited,5,TRUE,56,Medium
28,Female,College,6.8,25,59,123,TRUE,144,4,WhatsApp,29,8,Relaxed,2,FALSE,61,High
29,Female,Postgraduate,9.6,24,40,34,TRUE,38,5,Facebook,10,15,Neutral,8,TRUE,87,High
37,Female,Graduate,9.5,30,27,199,TRUE,102,2,Reddit,41,29,Happy,7,FALSE,64,High
23,Female,Postgraduate,2.3,9,19,106,TRUE,130,7,WhatsApp,6,26,Anxious,8,FALSE,9,High
24,Male,Graduate,6.7,9,49,35,FALSE,152,6,Reddit,14,13,Calm,1,TRUE,27,High
15,Male,Graduate,5.4,22,53,39,FALSE,45,5,WhatsApp,38,33,Calm,1,TRUE,42,Medium
16,Female,College,9.3,18,50,175,TRUE,125,2,Reddit,26,8,Anxious,1,FALSE,66,High
43,Male,Postgraduate,3.3,18,22,15,TRUE,45,7,Twitter,11,35,Anxious,6,TRUE,55,Medium
37,Male,Graduate,5.1,12,50,98,TRUE,160,5,Reddit,40,10,Irritable,5,FALSE,59,Medium
41,Male,Graduate,1.5,24,2,162,TRUE,32,2,YouTube,50,34,Irritable,3,FALSE,7,Low
24,Female,Postgraduate,9.9,10,55,185,FALSE,166,3,TikTok,17,39,Relaxed,9,TRUE,80,High
19,Female,Postgraduate,9.7,29,30,138,TRUE,110,4,Instagram,28,18,Anxious,9,TRUE,6,High
19,Female,School,3.2,20,24,108,FALSE,169,4,Facebook,10,29,Relaxed,3,FALSE,19,Medium
42,Female,College,2.9,13,43,83,TRUE,179,3,LinkedIn,1,24,Anxious,7,TRUE,70,High
20,Female,School,8.7,12,26,38,TRUE,97,1,WhatsApp,47,1,Excited,5,TRUE,71,High
36,Male,College,3.8,13,38,96,FALSE,168,1,Instagram,0,21,Anxious,6,TRUE,48,Medium
18,Male,Graduate,1.7,21,59,177,FALSE,150,4,TikTok,38,12,Irritable,2,FALSE,50,Medium
36,Male,School,9.7,9,9,94,FALSE,30,5,TikTok,34,27,Calm,1,FALSE,70,High
38,Male,College,9.7,11,30,183,FALSE,134,4,YouTube,59,31,Irritable,7,TRUE,6,High
22,Male,School,6.1,7,2,112,FALSE,120,5,TikTok,57,5,Neutral,4,TRUE,49,High
35,Female,School,5.1,33,38,157,TRUE,44,2,Snapchat,56,32,Irritable,6,TRUE,45,Medium
39,Female,College,8.4,5,51,14,TRUE,32,3,TikTok,11,25,Irritable,9,FALSE,39,High
26,Male,Postgraduate,7.9,6,22,112,TRUE,150,4,TikTok,52,20,Neutral,5,TRUE,37,High
22,Female,College,5.7,24,16,125,FALSE,95,5,LinkedIn,44,39,Calm,9,FALSE,50,High
44,Male,Postgraduate,3.4,19,44,146,TRUE,147,2,Snapchat,12,32,Irritable,2,TRUE,19,Medium
18,Male,College,1.9,9,22,178,FALSE,93,2,WhatsApp,48,18,Irritable,7,FALSE,8,Medium
40,Male,College,1.4,27,16,38,TRUE,170,5,YouTube,13,15,Calm,1,FALSE,37,Medium
39,Male,Graduate,2.7,27,57,195,TRUE,161,5,YouTube,19,30,Excited,3,TRUE,57,Medium
21,Male,Postgraduate,4.1,22,23,199,FALSE,52,7,Facebook,39,18,Anxious,9,TRUE,37,High
43,Male,Postgraduate,7.5,23,27,79,TRUE,139,5,Snapchat,33,20,Calm,9,TRUE,72,High
24,Male,Graduate,3.1,25,11,100,FALSE,163,2,Snapchat,29,16,Excited,7,FALSE,20,Medium
17,Female,College,5.9,12,12,44,TRUE,40,2,Twitter,42,36,Relaxed,1,FALSE,36,Medium
23,Male,Graduate,5.5,31,20,162,FALSE,85,1,TikTok,27,38,Neutral,3,FALSE,88,High
20,Female,Postgraduate,3.6,27,1,110,TRUE,64,2,Twitter,46,15,Excited,9,FALSE,18,High
40,Female,Graduate,8.9,18,58,40,TRUE,78,7,YouTube,28,32,Anxious,1,TRUE,18,High
22,Male,School,3.1,30,48,33,FALSE,128,7,Facebook,53,27,Anxious,9,TRUE,63,High
34,Female,Postgraduate,5.9,22,37,35,FALSE,156,4,TikTok,34,8,Relaxed,4,TRUE,58,Medium
24,Male,Graduate,5.8,34,53,101,TRUE,118,3,Facebook,10,31,Happy,1,TRUE,23,Medium
26,Female,College,6.3,15,37,174,TRUE,48,2,TikTok,42,26,Irritable,2,TRUE,88,High
29,Male,School,6.7,26,50,175,TRUE,42,3,YouTube,25,11,Calm,8,FALSE,70,High
41,Female,School,7.7,15,37,27,FALSE,69,6,YouTube,53,10,Happy,3,TRUE,13,High
17,Female,College,2.6,16,12,76,FALSE,97,4,Instagram,10,39,Relaxed,9,TRUE,25,High
24,Female,Postgraduate,7.5,23,48,95,TRUE,168,4,YouTube,51,32,Irritable,2,TRUE,27,High
27,Female,Graduate,9,32,14,18,TRUE,140,3,Twitter,34,37,Neutral,5,FALSE,62,High
32,Male,Postgraduate,1.5,23,49,90,TRUE,62,7,YouTube,33,6,Relaxed,6,TRUE,82,High
17,Female,School,8.9,16,45,75,FALSE,21,7,WhatsApp,22,29,Neutral,1,FALSE,11,High
44,Male,Postgraduate,9.7,16,30,169,TRUE,89,3,YouTube,23,6,Calm,2,TRUE,28,High
20,Male,College,8,19,15,33,FALSE,84,2,Facebook,43,12,Relaxed,9,TRUE,32,High
22,Female,Graduate,7.3,27,21,171,FALSE,158,6,Snapchat,41,35,Relaxed,4,FALSE,46,High
42,Female,Graduate,5.4,18,18,33,TRUE,155,2,Facebook,53,8,Neutral,4,TRUE,9,Medium
15,Female,Postgraduate,8.2,34,8,112,FALSE,82,7,Snapchat,25,37,Anxious,2,TRUE,11,High
22,Female,Postgraduate,2.7,34,39,62,FALSE,151,2,Instagram,17,25,Irritable,7,FALSE,32,Medium
19,Male,School,6,19,42,157,FALSE,102,4,Snapchat,10,3,Anxious,7,FALSE,11,Medium
37,Female,College,9.3,18,34,115,TRUE,166,2,Facebook,8,18,Happy,9,TRUE,52,High
27,Male,College,8.2,24,14,117,FALSE,44,3,YouTube,38,15,Excited,8,TRUE,78,High
18,Female,Postgraduate,5.9,32,21,132,FALSE,157,3,WhatsApp,29,22,Irritable,3,TRUE,86,High
25,Male,School,9.1,16,54,15,FALSE,126,3,YouTube,39,29,Calm,2,FALSE,77,High
29,Female,Graduate,1.6,5,10,192,FALSE,120,6,Twitter,59,33,Anxious,6,TRUE,23,Medium
41,Male,College,1.6,24,33,49,TRUE,51,5,Instagram,16,8,Calm,9,FALSE,46,High
16,Female,School,3.7,27,35,190,FALSE,73,4,Reddit,49,25,Relaxed,3,FALSE,66,High
37,Male,College,7.3,6,46,31,TRUE,158,7,LinkedIn,42,35,Calm,1,FALSE,50,High
20,Male,School,6.1,9,27,101,FALSE,59,2,Snapchat,31,15,Anxious,1,FALSE,37,High
29,Female,School,5.4,26,16,18,TRUE,52,4,Instagram,48,29,Calm,5,FALSE,62,High
35,Female,College,1.8,10,56,124,TRUE,140,5,WhatsApp,0,20,Irritable,9,TRUE,50,High
22,Male,College,2.7,21,41,148,FALSE,31,2,YouTube,24,25,Anxious,6,TRUE,40,Medium
21,Female,Graduate,4.8,18,39,65,FALSE,123,1,Instagram,55,4,Anxious,8,FALSE,39,High
27,Female,Graduate,7,10,43,96,TRUE,71,7,Reddit,21,29,Neutral,8,FALSE,62,High
43,Male,School,10,11,12,16,FALSE,147,3,Snapchat,54,39,Neutral,8,TRUE,77,High
23,Male,Postgraduate,9.3,17,55,128,TRUE,55,1,Facebook,23,17,Calm,2,FALSE,17,High
43,Female,Graduate,3.3,32,27,152,TRUE,52,4,Reddit,41,12,Neutral,5,TRUE,77,High
37,Male,School,9.4,20,14,100,FALSE,172,5,Snapchat,54,21,Calm,5,TRUE,58,High
19,Female,Postgraduate,2.6,15,25,124,TRUE,118,7,YouTube,38,7,Irritable,6,TRUE,71,High
44,Male,Graduate,7.7,9,55,95,FALSE,145,1,LinkedIn,51,27,Neutral,1,FALSE,85,High
24,Female,Graduate,5,18,27,145,FALSE,170,4,Snapchat,41,29,Relaxed,2,FALSE,24,Medium
30,Female,College,1.5,23,56,145,FALSE,57,5,Facebook,28,36,Irritable,7,FALSE,21,Medium
29,Male,Postgraduate,2.8,14,48,149,FALSE,115,1,Snapchat,38,18,Anxious,6,TRUE,47,Medium
34,Male,Graduate,1.5,10,56,191,FALSE,81,5,WhatsApp,17,16,Excited,8,TRUE,35,High
25,Female,College,3.3,29,12,101,FALSE,89,3,WhatsApp,19,5,Happy,7,TRUE,13,Medium
40,Female,College,2.1,20,54,55,FALSE,41,3,TikTok,19,14,Excited,7,FALSE,41,Medium
32,Male,Graduate,10,26,40,170,TRUE,50,3,Twitter,53,34,Excited,2,FALSE,75,High
40,Female,School,4.9,34,23,55,FALSE,75,7,Instagram,53,25,Irritable,3,FALSE,42,Medium
34,Female,School,4.1,16,44,167,TRUE,36,3,YouTube,9,35,Calm,4,FALSE,22,Medium
27,Female,College,5.8,31,59,186,TRUE,179,2,Facebook,10,38,Anxious,6,TRUE,66,High
29,Male,Graduate,9.3,9,17,113,TRUE,59,3,Twitter,2,18,Irritable,5,TRUE,68,High
33,Male,School,9.7,20,8,155,TRUE,58,1,Twitter,48,12,Happy,7,TRUE,59,High
15,Female,School,4.5,25,37,125,TRUE,43,7,Twitter,24,7,Calm,1,FALSE,75,High
15,Male,Graduate,9.9,28,11,82,FALSE,31,3,Facebook,3,36,Anxious,9,TRUE,17,High
37,Male,College,4.1,9,39,97,FALSE,99,1,Snapchat,11,34,Neutral,7,TRUE,79,High
43,Female,Postgraduate,3.1,17,31,139,TRUE,122,7,LinkedIn,56,11,Relaxed,2,TRUE,72,High
25,Female,School,5.2,33,16,176,FALSE,96,5,Snapchat,16,21,Calm,3,TRUE,75,High
20,Female,School,4.2,9,2,50,TRUE,80,2,YouTube,6,39,Anxious,3,FALSE,74,High
25,Female,Postgraduate,9,11,2,28,FALSE,87,2,Twitter,5,37,Neutral,7,FALSE,77,High
39,Male,Graduate,7.3,5,51,15,FALSE,37,2,Instagram,27,11,Excited,1,TRUE,69,High
27,Female,Graduate,5.4,5,52,40,FALSE,164,7,LinkedIn,45,29,Happy,4,FALSE,30,Medium
35,Female,Graduate,6.3,33,25,11,TRUE,105,5,YouTube,3,36,Neutral,6,FALSE,25,High
27,Male,Postgraduate,6.9,27,25,163,TRUE,33,4,Facebook,16,21,Happy,8,TRUE,88,High
43,Female,Postgraduate,4.3,28,3,28,TRUE,116,2,YouTube,14,22,Anxious,2,TRUE,26,Medium
28,Female,Postgraduate,4.1,17,33,142,TRUE,96,3,LinkedIn,56,14,Happy,8,FALSE,71,High
29,Female,School,6.5,21,30,57,TRUE,31,4,Instagram,43,29,Relaxed,1,FALSE,44,High
31,Female,College,6,27,20,194,TRUE,140,2,YouTube,9,10,Calm,6,FALSE,80,High
25,Female,School,2.8,31,58,46,TRUE,153,1,WhatsApp,5,22,Anxious,9,FALSE,29,High
43,Male,Graduate,4.8,12,51,185,TRUE,121,5,Twitter,5,35,Irritable,1,TRUE,64,High
28,Female,College,2.5,16,38,20,TRUE,31,2,TikTok,49,39,Neutral,7,FALSE,15,Medium
18,Female,Graduate,2.2,5,13,155,TRUE,77,1,Snapchat,30,10,Relaxed,2,TRUE,19,Low
17,Female,College,6.4,10,3,65,FALSE,82,3,YouTube,14,28,Neutral,6,FALSE,51,High
39,Male,Postgraduate,8.7,11,15,155,FALSE,101,4,Instagram,40,24,Excited,2,TRUE,88,High
16,Male,Postgraduate,5.7,11,38,103,TRUE,61,5,Instagram,10,1,Relaxed,2,FALSE,5,Medium
33,Male,College,4.1,24,23,158,FALSE,107,4,Facebook,11,22,Anxious,4,TRUE,86,High
15,Male,School,2.2,5,24,23,FALSE,55,5,Snapchat,10,24,Anxious,7,TRUE,81,High
30,Male,College,6.7,28,54,35,FALSE,99,6,Twitter,45,1,Anxious,1,TRUE,79,High
33,Male,College,1.2,33,37,90,FALSE,73,7,TikTok,41,28,Excited,3,FALSE,14,Low
41,Male,Graduate,8.2,16,47,51,FALSE,113,2,Twitter,31,26,Calm,3,TRUE,5,High
38,Male,College,6.5,14,2,90,TRUE,177,7,YouTube,6,27,Calm,9,FALSE,26,High
16,Male,School,8.7,5,9,93,FALSE,72,3,Facebook,35,4,Anxious,9,TRUE,26,High
32,Female,Graduate,8.4,15,39,143,TRUE,67,6,Facebook,46,7,Neutral,5,TRUE,20,High
15,Female,School,9,11,19,174,TRUE,144,1,Instagram,25,22,Excited,8,TRUE,65,High
43,Female,College,9.7,34,47,29,TRUE,101,3,YouTube,56,10,Irritable,8,FALSE,8,High
19,Female,Postgraduate,6.1,29,13,155,TRUE,107,2,Instagram,47,33,Excited,3,FALSE,77,High
42,Male,Postgraduate,6.8,11,10,74,FALSE,61,5,Reddit,8,15,Neutral,3,TRUE,61,High
19,Female,School,3.6,26,41,80,TRUE,75,7,Facebook,43,25,Irritable,9,FALSE,10,High
37,Female,Postgraduate,9.2,13,49,60,FALSE,89,5,Reddit,30,34,Neutral,9,TRUE,66,High
43,Male,Graduate,6,8,36,88,FALSE,27,2,Facebook,35,21,Calm,4,FALSE,66,High
30,Male,Graduate,2.5,20,51,113,TRUE,120,5,YouTube,17,10,Irritable,7,FALSE,86,High
15,Male,School,5.3,5,15,141,TRUE,80,4,LinkedIn,9,23,Excited,9,TRUE,38,High
42,Female,Postgraduate,8.8,5,34,70,TRUE,29,6,Facebook,19,1,Relaxed,1,FALSE,9,High
30,Female,Postgraduate,3.3,32,31,32,FALSE,128,3,Reddit,16,34,Irritable,3,FALSE,65,High
41,Male,College,8.1,21,47,19,FALSE,27,5,YouTube,12,5,Relaxed,6,FALSE,34,High
31,Female,Graduate,7,20,9,139,FALSE,56,1,YouTube,3,36,Calm,6,TRUE,29,High
17,Male,Graduate,7.4,27,12,43,TRUE,62,2,Facebook,29,22,Calm,6,TRUE,6,High
44,Male,Postgraduate,2.8,14,16,10,FALSE,91,2,Instagram,12,15,Calm,5,TRUE,48,Medium
22,Male,Graduate,9.4,9,50,156,FALSE,142,3,WhatsApp,52,20,Calm,4,FALSE,25,High
32,Male,Postgraduate,2.5,14,34,163,TRUE,177,1,WhatsApp,45,31,Anxious,7,FALSE,72,High
43,Male,Graduate,6.4,18,4,99,FALSE,130,7,TikTok,16,19,Anxious,3,FALSE,74,High
43,Female,Graduate,6.7,34,25,113,TRUE,94,7,Reddit,25,22,Excited,9,FALSE,23,High
40,Male,Graduate,3.1,8,23,56,FALSE,32,1,Snapchat,1,2,Anxious,9,FALSE,32,High
27,Female,School,5.5,17,31,94,FALSE,179,6,TikTok,33,8,Happy,9,TRUE,70,High
20,Male,Postgraduate,2.7,12,58,165,TRUE,124,1,LinkedIn,40,10,Irritable,7,FALSE,8,Medium
17,Male,Graduate,8.7,19,11,23,FALSE,57,4,WhatsApp,44,17,Anxious,3,FALSE,70,High
25,Female,Graduate,5.1,7,29,27,FALSE,39,7,Facebook,13,34,Neutral,1,TRUE,58,Medium
40,Male,Postgraduate,2,30,18,167,TRUE,44,7,YouTube,18,8,Anxious,8,TRUE,7,High
17,Female,Graduate,7.9,26,17,154,TRUE,161,3,TikTok,8,30,Relaxed,5,TRUE,80,High
19,Female,School,1.5,24,35,62,TRUE,129,3,Snapchat,51,8,Happy,4,TRUE,31,Medium
26,Female,School,6.5,19,30,181,TRUE,67,3,TikTok,20,20,Neutral,4,FALSE,15,High
27,Male,Graduate,6.9,8,12,82,TRUE,96,2,Snapchat,37,13,Irritable,7,FALSE,62,High
33,Male,Postgraduate,1.5,21,13,86,FALSE,47,5,Snapchat,1,10,Irritable,6,FALSE,81,High
40,Female,Graduate,6.3,18,48,93,TRUE,162,1,YouTube,16,24,Irritable,2,FALSE,85,High
25,Female,College,5,7,12,93,TRUE,35,6,Reddit,15,33,Excited,2,FALSE,27,Medium
28,Male,College,9.1,17,15,24,TRUE,65,6,Twitter,45,11,Irritable,9,TRUE,56,High
36,Female,Graduate,2.2,23,2,159,FALSE,39,1,Twitter,7,25,Relaxed,9,TRUE,61,High
37,Male,College,8.9,33,25,17,TRUE,35,6,YouTube,47,15,Excited,1,FALSE,26,High
17,Male,Postgraduate,1.8,18,36,114,TRUE,101,3,LinkedIn,9,39,Calm,1,FALSE,61,High
41,Female,School,4.5,9,7,92,FALSE,76,5,Snapchat,14,35,Happy,5,TRUE,80,High
44,Male,College,2.9,7,9,131,FALSE,60,7,WhatsApp,25,2,Calm,7,TRUE,27,Medium
41,Male,Graduate,8.8,13,13,165,TRUE,174,3,Instagram,51,17,Relaxed,6,FALSE,69,High
32,Male,Postgraduate,9.6,13,13,177,FALSE,74,5,Twitter,14,4,Happy,1,TRUE,28,High
18,Female,College,1.1,13,10,109,FALSE,167,6,Snapchat,40,11,Calm,2,FALSE,67,High
34,Male,School,3.4,25,25,20,FALSE,83,1,Instagram,49,25,Calm,3,FALSE,53,Medium
28,Male,School,2.8,29,59,81,FALSE,88,5,LinkedIn,40,35,Happy,3,FALSE,27,Low
23,Female,Graduate,5.4,22,16,42,FALSE,149,6,Reddit,45,1,Neutral,9,FALSE,20,High
29,Female,Postgraduate,5.7,16,16,23,TRUE,171,7,Snapchat,54,15,Anxious,3,FALSE,76,High
16,Male,School,3.2,14,35,81,TRUE,42,4,Twitter,13,29,Anxious,1,FALSE,72,High
15,Female,Postgraduate,6,21,39,169,TRUE,135,7,Instagram,12,2,Excited,3,TRUE,28,Medium
27,Male,Postgraduate,6.9,31,22,24,TRUE,29,1,LinkedIn,26,9,Excited,4,FALSE,32,High
15,Female,College,2.1,16,10,72,TRUE,57,7,Instagram,48,6,Happy,8,FALSE,80,High
35,Male,School,10,27,10,63,TRUE,39,7,TikTok,30,7,Relaxed,9,FALSE,14,High
24,Male,Graduate,8.9,11,28,167,TRUE,56,7,Reddit,2,15,Anxious,5,TRUE,56,High
19,Male,College,9.2,8,47,146,TRUE,125,5,TikTok,27,23,Irritable,8,TRUE,48,High
36,Male,Graduate,8.9,30,26,170,FALSE,35,6,Facebook,48,18,Irritable,7,FALSE,76,High
20,Male,Graduate,5.7,27,32,95,FALSE,76,5,YouTube,8,31,Anxious,7,FALSE,13,Medium
27,Male,College,8,7,33,30,TRUE,83,7,TikTok,51,34,Calm,9,FALSE,39,High
29,Male,School,7.8,10,45,106,FALSE,51,4,Snapchat,18,33,Happy,5,FALSE,68,High
29,Female,School,8.4,15,15,143,FALSE,92,5,Instagram,19,34,Irritable,6,TRUE,30,High
32,Female,College,6.7,27,51,82,FALSE,142,5,TikTok,55,6,Irritable,8,TRUE,17,High
25,Female,Postgraduate,9,23,21,131,TRUE,43,2,TikTok,44,28,Anxious,8,FALSE,86,High
26,Female,School,4.6,33,17,77,TRUE,63,5,Instagram,58,29,Relaxed,4,FALSE,78,High
39,Male,Graduate,9.3,19,2,98,FALSE,45,3,Instagram,26,25,Relaxed,2,FALSE,58,High
15,Male,Graduate,2.6,11,3,50,TRUE,70,7,Twitter,7,38,Calm,2,FALSE,87,High
38,Female,School,6.7,11,10,111,FALSE,97,1,Reddit,40,19,Happy,5,TRUE,75,High
33,Female,College,4.4,30,39,32,TRUE,67,5,Reddit,39,6,Happy,6,FALSE,45,Medium
18,Male,Graduate,1.9,9,57,26,FALSE,90,3,LinkedIn,46,15,Calm,6,TRUE,28,Medium
43,Male,Graduate,8.7,8,49,55,TRUE,37,3,WhatsApp,15,33,Excited,7,FALSE,14,High
23,Male,College,9,32,57,140,FALSE,137,7,WhatsApp,13,25,Excited,2,TRUE,28,High
28,Female,College,9.2,11,36,123,TRUE,43,3,Facebook,36,38,Happy,7,FALSE,67,High
29,Male,Postgraduate,2.5,28,4,166,FALSE,20,3,Instagram,49,22,Irritable,1,TRUE,40,Medium
38,Female,School,1.4,20,21,150,TRUE,28,3,LinkedIn,10,6,Anxious,1,FALSE,74,High
27,Male,Postgraduate,3.9,26,37,184,TRUE,110,2,Snapchat,51,14,Neutral,5,TRUE,62,High
18,Female,School,2.1,11,42,57,FALSE,100,6,WhatsApp,20,13,Calm,1,TRUE,69,High
29,Female,School,6.9,29,26,68,TRUE,120,7,Instagram,40,30,Excited,9,FALSE,53,High
30,Male,College,3.6,19,56,74,TRUE,31,5,Reddit,23,6,Calm,9,FALSE,69,High
39,Male,Postgraduate,6.8,14,42,140,TRUE,68,3,Twitter,59,29,Excited,2,FALSE,6,High
23,Female,School,2.2,32,46,173,TRUE,80,1,YouTube,48,12,Neutral,4,TRUE,54,Medium
17,Male,Postgraduate,7.4,22,4,187,TRUE,56,6,TikTok,41,15,Anxious,1,TRUE,84,High
25,Female,Postgraduate,4.3,10,24,134,FALSE,137,6,Twitter,33,1,Excited,8,FALSE,77,High
36,Male,Postgraduate,3.1,34,25,70,FALSE,34,6,Reddit,50,27,Neutral,6,TRUE,78,High
43,Female,Graduate,7.6,31,12,55,FALSE,178,1,WhatsApp,58,35,Neutral,5,TRUE,65,High
28,Female,College,9.9,20,7,13,FALSE,71,7,WhatsApp,24,31,Irritable,4,FALSE,40,High
36,Female,College,7.2,21,45,84,FALSE,177,3,Reddit,40,38,Irritable,6,TRUE,47,High
30,Male,Postgraduate,9.5,9,46,122,TRUE,54,4,Facebook,15,16,Relaxed,5,TRUE,30,High
39,Female,School,7.8,30,17,182,FALSE,173,6,Instagram,54,28,Happy,1,FALSE,48,High
18,Female,Graduate,4.5,6,17,177,TRUE,104,5,Reddit,8,13,Happy,2,FALSE,76,High
25,Male,College,4.8,17,57,90,FALSE,177,4,Instagram,12,19,Anxious,7,TRUE,13,Medium
33,Male,Postgraduate,4.9,12,22,91,TRUE,80,7,Facebook,1,11,Relaxed,1,FALSE,82,High
30,Male,Graduate,1.2,34,7,137,TRUE,50,5,TikTok,47,14,Excited,5,FALSE,84,High
33,Female,Graduate,2.2,30,6,116,TRUE,68,1,WhatsApp,49,17,Irritable,7,FALSE,58,Medium
36,Male,School,5.5,15,36,68,FALSE,22,2,WhatsApp,23,17,Calm,7,TRUE,72,High
37,Male,School,4.2,5,21,30,FALSE,71,2,Reddit,42,3,Relaxed,1,FALSE,48,Medium
24,Female,School,6.5,19,5,77,FALSE,47,5,Twitter,51,4,Excited,1,FALSE,71,High
24,Female,Postgraduate,7,28,23,27,FALSE,148,3,Snapchat,52,31,Excited,1,FALSE,7,High
17,Female,School,2.9,33,25,170,FALSE,119,5,Facebook,28,26,Calm,4,FALSE,18,Low
32,Male,School,6.8,26,48,140,TRUE,104,1,TikTok,22,4,Irritable,5,FALSE,47,High
35,Female,Graduate,9,30,35,47,FALSE,107,3,YouTube,40,29,Relaxed,7,FALSE,64,High
17,Female,Graduate,4.6,33,54,156,TRUE,41,6,Facebook,48,14,Excited,1,FALSE,81,High
20,Male,College,8.5,27,51,111,FALSE,48,5,Snapchat,5,31,Excited,9,TRUE,50,High
15,Female,Postgraduate,5.5,14,24,83,TRUE,60,7,Instagram,12,3,Relaxed,2,TRUE,56,Medium
16,Female,Graduate,7.5,23,23,118,FALSE,160,1,Facebook,33,33,Calm,8,TRUE,73,High
38,Female,Postgraduate,6.4,32,7,161,TRUE,170,6,Reddit,59,18,Irritable,8,FALSE,57,High
21,Female,College,5.5,21,28,134,TRUE,151,2,TikTok,4,33,Neutral,9,FALSE,73,High
20,Female,Graduate,6,30,1,13,TRUE,58,6,YouTube,25,33,Anxious,1,FALSE,76,High
34,Male,College,3,17,55,136,FALSE,106,2,LinkedIn,30,12,Excited,1,TRUE,77,High
17,Female,College,3.9,30,9,115,TRUE,35,2,YouTube,13,3,Calm,2,TRUE,28,Medium
23,Male,School,6.8,11,48,136,FALSE,40,3,YouTube,24,22,Relaxed,1,TRUE,36,High
35,Male,Postgraduate,8.1,24,8,51,TRUE,28,1,TikTok,24,33,Relaxed,2,TRUE,23,High
28,Male,School,4.8,13,42,79,TRUE,36,4,WhatsApp,24,38,Calm,4,FALSE,88,High
17,Female,Graduate,1.9,22,26,193,FALSE,27,1,Snapchat,30,37,Excited,9,TRUE,31,High
27,Male,College,3.1,30,32,119,TRUE,118,5,TikTok,31,7,Happy,1,TRUE,35,Medium
37,Female,Graduate,4.5,15,24,81,FALSE,51,1,Facebook,37,22,Anxious,2,FALSE,23,Medium
34,Male,School,5.9,18,33,19,FALSE,99,6,Facebook,3,27,Neutral,4,TRUE,23,Medium
35,Female,School,7.5,13,9,36,TRUE,36,4,Facebook,56,8,Anxious,2,TRUE,37,High
15,Female,Postgraduate,5,13,55,14,TRUE,99,2,WhatsApp,48,18,Calm,1,FALSE,87,High
36,Male,Postgraduate,2.9,7,58,34,FALSE,88,7,Instagram,39,19,Calm,2,FALSE,54,Medium
35,Male,College,3.8,19,18,134,TRUE,35,7,TikTok,15,38,Relaxed,9,FALSE,11,High
28,Male,College,3.8,20,25,169,FALSE,57,6,Reddit,58,16,Happy,4,FALSE,33,Medium
